ID,Name,node.degree,node.betw,node.stress,node.evcent,Clustering.Coefficient,No.module,Zi,Pi
1,Zotu2726,2,0,0,2.84E-44,1,88,0,0
2,Zotu1777,1,0,0,3.42E-79,0,324,0,0
3,Zotu243,1,0,0,2.10E-35,0,12,-1.154700538,0
4,Zotu351,1,0,0,3.42E-79,0,323,0,0
5,Zotu1698,1,0,0,3.42E-79,0,232,0,0
6,Zotu1494,2,13,13,1.14E-41,0,4,0.215665546,0
7,Zotu265,3,15,58,1.20E-18,0.333333333,1,0.402139493,0
8,Zotu679,2,1,1,9.85E-62,0,145,0,0
9,Zotu136,1,0,0,3.42E-79,0,289,0,0
10,Zotu26,1,0,0,3.42E-79,0,231,0,0
11,Zotu7,1,0,0,3.42E-79,0,205,0,0
12,Zotu1244,1,0,0,3.42E-79,0,207,0,0
13,Zotu62,1,0,0,3.42E-79,0,177,0,0
14,Zotu2,2,1,1,9.85E-62,0,103,0,0
15,Zotu1883,3,24,24,4.28E-31,0.333333333,6,0.734846923,0
16,Zotu133,1,0,0,8.33E-33,0,9,-1.651001651,0
17,Zotu81,2,0,0,3.06E-19,1,1,-0.517036491,0
18,Zotu283,2,0,0,3.72E-40,1,84,0,0
19,Zotu1269,1,0,0,3.42E-79,0,245,0,0
20,Zotu4454,1,0,0,3.42E-79,0,230,0,0
21,Zotu3344,3,17.66666667,34,3.99E-31,0,11,0.981980506,0
22,Zotu1159,1,0,0,2.55E-46,0,25,-0.894427191,0
23,Zotu1014,1,0,0,3.42E-79,0,196,0,0
24,Zotu16362,3,0.5,1,9.21E-32,0.666666667,69,1,0
25,Zotu13857,1,0,0,4.32E-55,0,61,-1,0
26,Zotu1284,1,0,0,3.42E-79,0,180,0,0
27,Zotu886,1,0,0,1.54E-36,0,41,-0.912870929,0
28,Zotu477,3,4,4,4.83E-39,0.333333333,28,1.58113883,0
29,Zotu1351,1,0,0,3.42E-79,0,224,0,0
30,Zotu1893,1,0,0,2.13E-44,0,17,-0.811107106,0
31,Zotu564,1,0,0,3.42E-79,0,222,0,0
32,Zotu629,1,0,0,3.42E-79,0,321,0,0
33,Zotu953,1,0,0,1.12E-20,0,1,-1.436212474,0
34,Zotu362,1,0,0,9.85E-62,0,134,0,0
35,Zotu890,1,0,0,3.42E-79,0,272,0,0
36,Zotu3134,1,0,0,1.61E-51,0,74,-0.577350269,0
37,Zotu830,3,2,4,6.59E-29,0.666666667,53,0.707106781,0
38,Zotu1640,1,0,0,3.42E-79,0,255,0,0
39,Zotu432,1,0,0,5.53E-42,0,4,-1.401826052,0
40,Zotu823,1,0,0,3.42E-79,0,229,0,0
41,Zotu137,1,0,0,9.85E-62,0,123,0,0
42,Zotu993,1,0,0,3.42E-79,0,231,0,0
43,Zotu481,1,0,0,9.85E-62,0,121,0,0
44,Zotu1144,1,0,0,2.11E-24,0,10,-1.257237114,0
45,Zotu869,2,48,48,3.28E-41,0,4,0.215665546,0
46,Zotu2792,1,0,0,9.85E-62,0,117,0,0
47,Zotu59,2,2,2,7.00E-55,0,47,1,0
48,Zotu2281,1,0,0,2.49E-48,0,34,-0.75,0
49,Zotu180,1,0,0,3.42E-79,0,254,0,0
50,Zotu358,1,0,0,3.42E-79,0,182,0,0
51,Zotu11633,2,64,92,1.59E-29,0,2,-0.173748897,0
52,Zotu105,1,0,0,3.42E-79,0,253,0,0
53,Zotu3727,2,2,2,7.00E-55,0,60,1,0
54,Zotu1523,1,0,0,9.85E-62,0,111,0,0
55,Zotu4165,2,6,6,1.93E-49,0,30,0.707106781,0
56,Zotu2052,3,3,4,2.94E-30,0.333333333,70,0.75,0
57,Zotu204,1,0,0,3.42E-79,0,194,0,0
58,Zotu328,1,0,0,3.42E-79,0,152,0,0
59,Zotu13596,2,2,2,7.00E-55,0,42,1,0
60,Zotu880,4,91.5,295,4.27E-18,0.5,1,1.321315476,0
61,Zotu315,1,0,0,2.01E-40,0,80,-1.414213562,0
62,Zotu982,3,0.5,1,9.21E-32,0.666666667,66,1,0
63,Zotu425,3,2,2,4.36E-40,0.333333333,81,1.414213562,0
64,Zotu5688,1,0,0,3.42E-79,0,319,0,0
65,Zotu7316,1,0,0,9.85E-62,0,135,0,0
66,Zotu5118,1,0,0,3.42E-79,0,303,0,0
67,Zotu1484,1,0,0,3.42E-79,0,289,0,0
68,Zotu424,1,0,0,9.85E-62,0,112,0,0
69,Zotu1011,2,0,0,7.19E-32,1,69,-1,0
70,Zotu675,1,0,0,3.42E-79,0,271,0,0
71,Zotu3210,1,0,0,1.46E-48,0,35,-0.75,0
72,Zotu790,1,0,0,3.42E-79,0,261,0,0
73,Zotu2755,1,0,0,3.42E-79,0,256,0,0
74,Zotu24,2,2,2,7.00E-55,0,51,1,0
75,Zotu2653,2,2,2,7.00E-55,0,57,1,0
76,Zotu3778,1,0,0,3.42E-79,0,244,0,0
77,Zotu2566,2,3,3,2.74E-39,0,24,0,0
78,Zotu7979,2,0,0,2.84E-44,1,91,0,0
79,Zotu568,2,0,0,2.84E-44,1,89,0,0
80,Zotu648,1,0,0,3.42E-79,0,228,0,0
81,Zotu1240,1,0,0,1.61E-51,0,71,-0.577350269,0
82,Zotu19476,1,0,0,3.42E-79,0,225,0,0
83,Zotu5232,1,0,0,3.42E-79,0,219,0,0
84,Zotu7497,1,0,0,3.42E-79,0,216,0,0
85,Zotu1787,2,24,24,1.94E-41,0,4,0.215665546,0
86,Zotu1873,2,0,0,3.72E-40,1,81,0,0
87,Zotu1379,1,0,0,3.42E-79,0,246,0,0
88,Zotu1711,2,0,0,2.84E-44,1,94,0,0
89,Zotu119,2,0,0,2.68E-36,1,40,0,0
90,Zotu3499,2,0,0,2.84E-44,1,97,0,0
91,Zotu6119,2,19,30,6.72E-30,0,2,-0.173748897,0
92,Zotu18638,2,0,0,7.19E-32,1,68,-1,0
93,Zotu2610,2,6,16,3.99E-32,0,9,-0.254000254,0
94,Zotu1186,1,0,0,9.85E-62,0,140,0,0
95,Zotu334,3,2,4,7.36E-30,0.666666667,13,1.020620726,0
96,Zotu268,3,0,0,7.59E-24,1,64,0,0
97,Zotu1496,1,0,0,3.42E-79,0,312,0,0
98,Zotu128,1,0,0,3.42E-79,0,178,0,0
99,Zotu821,1,0,0,3.42E-79,0,219,0,0
100,Zotu338,1,0,0,1.24E-39,0,27,-1.58113883,0
101,Zotu224,1,0,0,3.42E-79,0,178,0,0
102,Zotu244,1,0,0,3.42E-79,0,185,0,0
103,Zotu1298,1,0,0,4.98E-36,0,19,-1,0
104,Zotu645,3,0,0,2.09E-22,1,63,0.204124145,0
105,Zotu2598,1,0,0,3.42E-79,0,236,0,0
106,Zotu4514,2,1,1,9.85E-62,0,112,0,0
107,Zotu17521,2,84,174,1.24E-18,0,1,-0.517036491,0
108,Zotu13778,2,8,12,5.74E-25,0,10,-0.359210604,0
109,Zotu20151,2,0,0,2.84E-44,1,82,0,0
110,Zotu13,3,17,50,0.004910658,0.666666667,0,-0.087038828,0
111,Zotu972,2,8,8,3.88E-29,0,7,-0.229415734,0
112,Zotu108,2,3,8,0.027074781,0,0,-0.696310624,0
113,Zotu60,1,0,0,9.85E-62,0,104,0,0
114,Zotu866,1,0,0,3.42E-79,0,188,0,0
115,Zotu130,3,30,78,1.77E-18,0.333333333,1,0.402139493,0
116,Zotu551,3,1,2,8.54E-25,0.333333333,15,0.474341649,0
117,Zotu1007,3,2,4,6.59E-29,0.666666667,53,0.707106781,0
118,Zotu326,2,0,0,2.84E-44,1,85,0,0
119,Zotu231,1,0,0,1.96E-36,0,18,-1.322875656,0
120,Zotu261,1,0,0,3.42E-79,0,156,0,0
121,Zotu850,2,2,2,7.00E-55,0,58,1,0
122,Zotu361,1,0,0,1.79E-42,0,23,-0.603022689,0
123,Zotu1718,1,0,0,1.61E-51,0,75,-0.577350269,0
124,Zotu3640,1,0,0,9.85E-62,0,105,0,0
125,Zotu1395,1,0,0,3.42E-79,0,152,0,0
126,Zotu871,2,0,0,2.84E-44,1,78,0,0
127,Zotu84,1,0,0,3.42E-79,0,221,0,0
128,Zotu1054,1,0,0,9.85E-62,0,142,0,0
129,Zotu3468,1,0,0,3.42E-79,0,313,0,0
130,Zotu91,1,0,0,3.42E-79,0,308,0,0
131,Zotu107,1,0,0,3.42E-79,0,304,0,0
132,Zotu2390,1,0,0,3.42E-79,0,298,0,0
133,Zotu17889,2,1,1,9.85E-62,0,143,0,0
134,Zotu55,1,0,0,3.42E-79,0,288,0,0
135,Zotu4293,3,5,8,9.44E-29,0.333333333,16,0.811107106,0
136,Zotu1100,1,0,0,3.42E-79,0,283,0,0
137,Zotu2345,1,0,0,3.42E-79,0,287,0,0
138,Zotu1065,1,0,0,3.42E-79,0,278,0,0
139,Zotu6110,1,0,0,9.85E-62,0,143,0,0
140,Zotu181,1,0,0,2.49E-30,0,2,-1.085930607,0
141,Zotu3126,2,0,0,2.84E-44,1,89,0,0
142,Zotu4900,1,0,0,4.32E-55,0,44,-1,0
143,Zotu1682,3,0,0,7.59E-24,1,48,0,0
144,Zotu4546,1,0,0,8.60E-50,0,31,-1.414213562,0
145,Zotu1374,1,0,0,1.60E-41,0,4,-1.401826052,0
146,Zotu1568,1,0,0,3.42E-79,0,288,0,0
147,Zotu2155,3,20,20,2.66E-33,0.333333333,5,1.1,0
148,Zotu1514,1,0,0,3.42E-79,0,305,0,0
149,Zotu471,1,0,0,9.85E-62,0,133,0,0
150,Zotu1185,1,0,0,1.37E-38,0,8,-0.795495129,0
151,Zotu959,2,4,4,5.49E-46,0,29,0.447213595,0
152,Zotu1943,2,1,1,9.85E-62,0,135,0,0
153,Zotu1738,2,0,0,7.19E-32,1,66,-1,0
154,Zotu2795,3,3,6,1.11E-28,0.666666667,16,0.811107106,0
155,Zotu3791,1,0,0,3.42E-79,0,299,0,0
156,Zotu1784,1,0,0,9.85E-62,0,116,0,0
157,Zotu523,3,28,76,2.71E-18,0.666666667,1,0.402139493,0
158,Zotu948,1,0,0,3.42E-79,0,301,0,0
159,Zotu2409,1,0,0,1.46E-48,0,34,-0.75,0
160,Zotu757,3,0,0,7.59E-24,1,64,0,0
161,Zotu556,2,0,0,3.72E-40,1,80,0,0
162,Zotu1022,2,0,0,7.19E-32,1,66,-1,0
163,Zotu1402,2,21,21,1.74E-38,0,8,0.176776695,0
164,Zotu409,3,3,3,1.61E-51,0,75,1.732050808,0
165,Zotu1759,1,0,0,9.85E-62,0,127,0,0
166,Zotu820,2,0,0,2.84E-44,1,99,0,0
167,Zotu2955,1,0,0,3.42E-79,0,307,0,0
168,Zotu4775,3,28,76,2.71E-18,0.666666667,1,0.402139493,0
169,Zotu2023,1,0,0,9.85E-62,0,120,0,0
170,Zotu312,1,0,0,9.85E-62,0,123,0,0
171,Zotu3796,1,0,0,3.42E-79,0,212,0,0
172,Zotu3435,1,0,0,3.42E-79,0,322,0,0
173,Zotu3700,1,0,0,3.42E-79,0,211,0,0
174,Zotu10156,1,0,0,3.42E-79,0,320,0,0
175,Zotu241,1,0,0,3.42E-79,0,314,0,0
176,Zotu114,1,0,0,9.85E-62,0,105,0,0
177,Zotu32,1,0,0,3.71E-30,0,2,-1.085930607,0
178,Zotu485,1,0,0,9.85E-62,0,120,0,0
179,Zotu3967,1,0,0,1.61E-51,0,74,-0.577350269,0
180,Zotu995,4,54,75,1.00E-29,0,2,1.650614522,0
181,Zotu110,2,33,33,2.84E-41,0,4,0.215665546,0
182,Zotu37,1,0,0,9.85E-62,0,106,0,0
183,Zotu339,1,0,0,3.42E-79,0,198,0,0
184,Zotu278,1,0,0,3.44E-28,0,7,-1.376494403,0
185,Zotu19,1,0,0,3.42E-79,0,193,0,0
186,Zotu437,1,0,0,3.42E-79,0,252,0,0
187,Zotu156,1,0,0,2.55E-46,0,29,-0.894427191,0
188,Zotu426,1,0,0,1.92E-25,0,10,-1.257237114,0
189,Zotu981,2,0,0,2.84E-44,1,98,0,0
190,Zotu1241,1,0,0,3.42E-79,0,185,0,0
191,Zotu963,1,0,0,0.012358506,0,0,-1.30558242,0
192,Zotu1615,3,8,8,6.96E-46,0,29,1.788854382,0
193,Zotu221,3,13.66666667,33,5.45E-32,0,9,1.143001143,0
194,Zotu1211,2,0,0,2.84E-44,1,92,0,0
195,Zotu3371,2,0,0,3.98E-39,1,24,0,0
196,Zotu440,1,0,0,3.42E-79,0,177,0,0
197,Zotu406,1,0,0,3.42E-79,0,174,0,0
198,Zotu303,1,0,0,3.42E-79,0,173,0,0
199,Zotu19532,3,9,9,2.84E-44,0,17,1.45999279,0
200,Zotu1017,1,0,0,3.42E-79,0,240,0,0
201,Zotu582,1,0,0,3.42E-79,0,175,0,0
202,Zotu1476,2,2,2,7.00E-55,0,54,1,0
203,Zotu889,3,1,3,9.45E-25,0.666666667,15,0.474341649,0
204,Zotu2006,2,0,0,3.98E-39,1,28,0,0
205,Zotu65,2,4,4,2.33E-42,0,23,0.301511345,0
206,Zotu2919,1,0,0,4.32E-55,0,47,-1,0
207,Zotu897,1,0,0,3.42E-79,0,164,0,0
208,Zotu1288,2,0,0,2.84E-44,1,77,0,0
209,Zotu1989,1,0,0,9.85E-62,0,104,0,0
210,Zotu1797,1,0,0,3.42E-79,0,172,0,0
211,Zotu844,3,2,4,7.36E-30,0.666666667,13,1.020620726,0
212,Zotu1495,3,0,0,7.59E-24,1,52,0,0
213,Zotu2785,1,0,0,3.42E-79,0,276,0,0
214,Zotu503,1,0,0,3.42E-79,0,215,0,0
215,Zotu208,1,0,0,4.32E-55,0,57,-1,0
216,Zotu691,1,0,0,4.32E-55,0,60,-1,0
217,Zotu211,2,2,2,7.00E-55,0,60,1,0
218,Zotu2199,4,215,642,4.67E-18,0.166666667,1,1.321315476,0
219,Zotu1488,2,1,1,9.85E-62,0,139,0,0
220,Zotu640,1,0,0,2.04E-38,0,8,-0.795495129,0
221,Zotu748,1,0,0,3.71E-30,0,2,-1.085930607,0
222,Zotu1253,1,0,0,3.42E-79,0,162,0,0
223,Zotu4156,3,0,0,7.59E-24,1,52,0,0
224,Zotu1143,1,0,0,3.42E-79,0,308,0,0
225,Zotu3696,4,8,12,1.03E-25,0.333333333,49,1.58113883,0
226,Zotu1070,2,0,0,2.84E-44,1,92,0,0
227,Zotu1672,2,1,1,9.85E-62,0,107,0,0
228,Zotu1319,1,0,0,3.42E-79,0,169,0,0
229,Zotu1141,2,0,0,5.45E-26,1,49,-0.632455532,0
230,Zotu973,2,4,4,1.55E-49,0,30,0.707106781,0
231,Zotu486,2,24,24,1.49E-41,0,4,0.215665546,0
232,Zotu2348,1,0,0,3.42E-79,0,163,0,0
233,Zotu1273,2,0,0,7.19E-32,1,69,-1,0
234,Zotu2058,1,0,0,9.85E-62,0,103,0,0
235,Zotu1279,1,0,0,3.42E-79,0,154,0,0
236,Zotu1690,1,0,0,9.85E-62,0,113,0,0
237,Zotu1419,1,0,0,9.85E-62,0,133,0,0
238,Zotu385,1,0,0,3.42E-79,0,149,0,0
239,Zotu788,1,0,0,0.012358506,0,0,-1.30558242,0
240,Zotu4349,2,0,0,3.98E-39,1,27,0,0
241,Zotu979,1,0,0,1.13E-38,0,33,-1.224744871,0
242,Zotu4491,1,0,0,9.85E-62,0,102,0,0
243,Zotu50,2,14,19,1.71E-30,0,3,-0.134839972,0
244,Zotu3337,1,0,0,9.85E-62,0,100,0,0
245,Zotu3554,1,0,0,3.42E-79,0,157,0,0
246,Zotu94,1,0,0,3.42E-79,0,146,0,0
247,Zotu49,2,15.33333333,32,2.37E-29,0,3,-0.134839972,0
248,Zotu5,2,3,3,2.74E-39,0,27,0,0
249,Zotu14,1,0,0,9.85E-62,0,102,0,0
250,Zotu899,1,0,0,3.42E-79,0,277,0,0
251,Zotu1226,1,0,0,2.08E-29,0,53,-1.414213562,0
252,Zotu20,2,1,1,9.85E-62,0,100,0,0
253,Zotu1287,2,0,0,7.19E-32,1,68,-1,0
254,Zotu96,3,85,152,3.06E-29,0,2,0.738432813,0
255,Zotu172,1,0,0,3.42E-79,0,181,0,0
256,Zotu95,2,3,3,3.52E-48,0,34,0.5,0
257,Zotu2606,2,2,2,7.00E-55,0,46,1,0
258,Zotu838,2,26,44,1.19E-29,0,3,-0.134839972,0
259,Zotu18,3,16.83333333,36,4.57E-32,0,9,1.143001143,0
260,Zotu85,2,5.5,15,3.91E-32,0,9,-0.254000254,0
261,Zotu848,1,0,0,3.42E-79,0,324,0,0
262,Zotu903,1,0,0,3.42E-79,0,303,0,0
263,Zotu11,2,0,0,2.68E-36,1,40,0,0
264,Zotu92,2,5,7,3.77E-25,0,15,-0.632455532,0
265,Zotu378,1,0,0,3.42E-79,0,296,0,0
266,Zotu69,2,14,23,5.05E-30,0,3,-0.134839972,0
267,Zotu974,1,0,0,3.42E-79,0,292,0,0
268,Zotu965,1,0,0,3.42E-79,0,287,0,0
269,Zotu17,1,0,0,3.42E-79,0,297,0,0
270,Zotu4632,3,41,41,2.15E-33,0,5,1.1,0
271,Zotu18918,1,0,0,3.42E-79,0,284,0,0
272,Zotu490,1,0,0,3.42E-79,0,282,0,0
273,Zotu226,2,0,0,2.84E-44,1,93,0,0
274,Zotu98,2,2,2,7.00E-55,0,43,1,0
275,Zotu588,2,0,0,2.52E-30,1,70,-0.5,0
276,Zotu612,3,0.5,1,9.21E-32,0.666666667,67,1,0
277,Zotu284,1,0,0,3.42E-79,0,290,0,0
278,Zotu4295,1,0,0,3.42E-79,0,276,0,0
279,Zotu1163,4,2.333333333,9,2.00E-10,0.833333333,38,0.581238194,0
280,Zotu1433,2,2,2,7.00E-55,0,51,1,0
281,Zotu659,2,2,2,7.00E-55,0,54,1,0
282,Zotu206,2,1,1,9.85E-62,0,140,0,0
283,Zotu78,2,0,0,3.98E-39,1,26,0,0
284,Zotu584,1,0,0,9.85E-62,0,140,0,0
285,Zotu1695,1,0,0,9.85E-62,0,132,0,0
286,Zotu217,1,0,0,3.42E-79,0,265,0,0
287,Zotu1740,2,0,0,2.84E-44,1,93,0,0
288,Zotu6080,2,6,6,1.93E-49,0,31,0.707106781,0
289,Zotu3428,1,0,0,3.42E-79,0,260,0,0
290,Zotu6340,1,0,0,8.60E-50,0,32,-1.414213562,0
291,Zotu5044,1,0,0,3.42E-79,0,257,0,0
292,Zotu2156,1,0,0,3.42E-79,0,319,0,0
293,Zotu2494,1,0,0,3.42E-79,0,253,0,0
294,Zotu508,1,0,0,3.47E-29,0,16,-1.45999279,0
295,Zotu5805,2,2,2,7.00E-55,0,45,1,0
296,Zotu1579,2,2,2,7.00E-55,0,43,1,0
297,Zotu1201,2,6,6,1.93E-49,0,32,0.707106781,0
298,Zotu1177,1,0,0,3.42E-79,0,249,0,0
299,Zotu1558,1,0,0,1.79E-42,0,23,-0.603022689,0
300,Zotu125,2,0,0,5.19E-31,1,6,-0.163299316,0
301,Zotu730,1,0,0,4.32E-55,0,42,-1,0
302,Zotu581,1,0,0,3.42E-79,0,246,0,0
303,Zotu349,1,0,0,3.42E-79,0,311,0,0
304,Zotu4885,3,19,62,0.19295641,0.333333333,0,-0.087038828,0
305,Zotu2478,1,0,0,9.85E-62,0,118,0,0
306,Zotu8563,2,20,20,5.20E-28,0,7,-0.229415734,0
307,Zotu2300,1,0,0,3.42E-79,0,242,0,0
308,Zotu1658,1,0,0,3.42E-79,0,241,0,0
309,Zotu1778,2,55,209,2.51E-18,0,1,-0.517036491,0
310,Zotu636,3,13.5,24,3.67E-31,0,11,0.981980506,0
311,Zotu3143,1,0,0,3.20E-31,0,6,-1.061445555,0
312,Zotu4014,3,0,0,4.41E-14,1,39,-1.224744871,0
313,Zotu1915,2,0,0,2.84E-44,1,82,0,0
314,Zotu1412,2,0,0,1.80E-33,1,5,-0.2,0
315,Zotu909,1,0,0,9.85E-62,0,131,0,0
316,Zotu712,1,0,0,3.42E-79,0,235,0,0
317,Zotu2383,3,45,45,3.01E-33,0,5,1.1,0
318,Zotu2116,1,0,0,9.85E-62,0,108,0,0
319,Zotu2297,1,0,0,1.13E-38,0,33,-1.224744871,0
320,Zotu3624,1,0,0,1.54E-36,0,41,-0.912870929,0
321,Zotu1209,1,0,0,3.42E-79,0,235,0,0
322,Zotu677,2,0,0,1.80E-33,1,5,-0.2,0
323,Zotu746,4,0.333333333,1,5.36E-14,0.833333333,39,0.816496581,0
324,Zotu2099,1,0,0,9.85E-62,0,124,0,0
325,Zotu2135,2,1,1,9.85E-62,0,131,0,0
326,Zotu1373,1,0,0,5.67E-39,0,8,-0.795495129,0
327,Zotu1216,1,0,0,9.85E-62,0,129,0,0
328,Zotu4780,3,0,0,7.59E-24,1,64,0,0
329,Zotu1338,2,0,0,1.80E-33,1,5,-0.2,0
330,Zotu3779,2,1,1,9.85E-62,0,124,0,0
331,Zotu5947,3,20,20,2.66E-33,0.333333333,5,1.1,0
332,Zotu1836,3,1,2,3.33E-30,0.666666667,65,0.75,0
333,Zotu3304,2,0,0,2.94E-31,1,6,-0.163299316,0
334,Zotu5091,1,0,0,9.85E-62,0,125,0,0
335,Zotu3477,2,1,1,9.85E-62,0,126,0,0
336,Zotu4078,3,7,7,3.79E-44,0,22,1.414213562,0
337,Zotu320,1,0,0,1.52E-31,0,11,-1.418416287,0
338,Zotu2167,2,58,118,4.09E-19,0,1,-0.517036491,0
339,Zotu5490,2,5,5,4.62E-36,0,18,0,0
340,Zotu1674,1,0,0,3.42E-79,0,214,0,0
341,Zotu1436,1,0,0,1.96E-36,0,18,-1.322875656,0
342,Zotu3690,1,0,0,9.85E-62,0,124,0,0
343,Zotu1786,1,0,0,4.32E-55,0,59,-1,0
344,Zotu3003,2,0,0,2.84E-44,1,90,0,0
345,Zotu2679,2,11,11,1.03E-33,0,5,-0.2,0
346,Zotu3277,1,0,0,9.85E-62,0,131,0,0
347,Zotu4976,1,0,0,1.61E-51,0,74,-0.577350269,0
348,Zotu3112,3,4,6,5.63E-29,0.333333333,53,0.707106781,0
349,Zotu5663,2,0,0,2.84E-44,1,97,0,0
350,Zotu4029,1,0,0,4.32E-55,0,47,-1,0
351,Zotu6888,1,0,0,3.42E-79,0,210,0,0
352,Zotu3071,3,57.5,97,3.52E-29,0,2,0.738432813,0
353,Zotu6791,1,0,0,9.85E-62,0,134,0,0
354,Zotu1028,2,0,0,7.59E-36,1,18,0,0
355,Zotu3995,3,5,7,2.55E-38,0,33,1.224744871,0
356,Zotu7632,1,0,0,3.42E-79,0,313,0,0
357,Zotu8406,2,3,3,1.61E-51,0,36,0.816496581,0
358,Zotu7930,2,1,2,2.04E-38,0,33,0,0
359,Zotu529,1,0,0,3.42E-79,0,259,0,0
360,Zotu1170,2,1,1,9.85E-62,0,117,0,0
361,Zotu2255,1,0,0,3.42E-79,0,201,0,0
362,Zotu1480,1,0,0,3.42E-79,0,268,0,0
363,Zotu826,2,0,0,2.84E-44,1,89,0,0
364,Zotu3324,1,0,0,3.42E-79,0,200,0,0
365,Zotu1175,1,0,0,3.42E-79,0,223,0,0
366,Zotu779,1,0,0,3.42E-79,0,251,0,0
367,Zotu196,3,1,2,2.52E-26,0.333333333,50,0.5,0
368,Zotu492,1,0,0,3.42E-79,0,195,0,0
369,Zotu1260,3,8,12,9.68E-29,0.333333333,16,0.811107106,0
370,Zotu154,2,2,2,7.00E-55,0,57,1,0
371,Zotu522,1,0,0,3.42E-79,0,190,0,0
372,Zotu382,3,16,16,3.36E-31,0.333333333,6,0.734846923,0
373,Zotu298,1,0,0,3.42E-79,0,188,0,0
374,Zotu599,1,0,0,3.42E-79,0,213,0,0
375,Zotu1227,2,0,0,1.39E-34,1,12,0,0
376,Zotu538,3,9,12,6.66E-30,0.333333333,13,1.020620726,0
377,Zotu190,1,0,0,9.85E-62,0,128,0,0
378,Zotu600,1,0,0,5.29E-19,0,1,-1.436212474,0
379,Zotu775,3,18,30,3.97E-24,0.333333333,10,0.538815906,0
380,Zotu277,1,0,0,5.17E-34,0,5,-1.5,0
381,Zotu3853,1,0,0,3.42E-79,0,323,0,0
382,Zotu2235,1,0,0,3.42E-79,0,195,0,0
383,Zotu1714,1,0,0,3.42E-79,0,202,0,0
384,Zotu958,3,7,7,3.79E-44,0,22,1.414213562,0
385,Zotu1605,2,4,4,2.15E-51,0,37,0.816496581,0
386,Zotu2799,2,0,0,2.55E-18,1,1,-0.517036491,0
387,Zotu1869,1,0,0,3.42E-79,0,189,0,0
388,Zotu719,1,0,0,1.61E-51,0,71,-0.577350269,0
389,Zotu1247,2,0,0,9.21E-30,1,2,-0.173748897,0
390,Zotu388,2,0,0,2.84E-44,1,79,0,0
391,Zotu209,2,0,0,2.84E-37,1,14,0,0
392,Zotu2891,1,0,0,4.32E-55,0,43,-1,0
393,Zotu3257,1,0,0,1.24E-39,0,26,-1.58113883,0
394,Zotu2704,1,0,0,3.42E-79,0,228,0,0
395,Zotu138,3,0.5,1,9.21E-32,0.666666667,69,1,0
396,Zotu1146,1,0,0,3.42E-79,0,172,0,0
397,Zotu1276,1,0,0,3.42E-79,0,230,0,0
398,Zotu2042,1,0,0,4.32E-55,0,51,-1,0
399,Zotu4884,2,0,0,2.84E-44,1,85,0,0
400,Zotu2731,2,1,1,9.85E-62,0,119,0,0
401,Zotu2207,1,0,0,3.42E-79,0,204,0,0
402,Zotu776,2,0,0,1.68E-35,1,19,0,0
403,Zotu347,1,0,0,9.85E-62,0,114,0,0
404,Zotu1458,1,0,0,4.32E-55,0,56,-1,0
405,Zotu990,2,1,1,9.85E-62,0,123,0,0
406,Zotu2493,1,0,0,3.42E-79,0,169,0,0
407,Zotu1102,2,1,1,9.85E-62,0,138,0,0
408,Zotu2187,1,0,0,3.42E-79,0,201,0,0
409,Zotu738,1,0,0,1.40E-29,0,7,-1.376494403,0
410,Zotu1812,4,9,9,2.33E-42,0,23,2.110579412,0
411,Zotu1696,2,2,2,7.00E-55,0,42,1,0
412,Zotu377,2,0,0,2.52E-30,1,65,-0.5,0
413,Zotu667,1,0,0,3.42E-79,0,165,0,0
414,Zotu2544,1,0,0,1.61E-51,0,75,-0.577350269,0
415,Zotu867,2,1,1,9.85E-62,0,116,0,0
416,Zotu527,1,0,0,3.42E-79,0,162,0,0
417,Zotu416,1,0,0,9.85E-62,0,113,0,0
418,Zotu553,6,27.5,96,0.433057787,0.533333333,0,1.74077656,0
419,Zotu355,1,0,0,3.42E-79,0,160,0,0
420,Zotu346,1,0,0,3.42E-79,0,159,0,0
421,Zotu1737,1,0,0,4.32E-55,0,42,-1,0
422,Zotu3171,1,0,0,8.60E-50,0,32,-1.414213562,0
423,Zotu3906,2,0,0,2.84E-44,1,96,0,0
424,Zotu2402,1,0,0,3.42E-79,0,170,0,0
425,Zotu410,1,0,0,2.49E-48,0,34,-0.75,0
426,Zotu3976,1,0,0,4.32E-55,0,45,-1,0
427,Zotu5292,1,0,0,3.42E-79,0,267,0,0
428,Zotu11348,1,0,0,4.32E-55,0,51,-1,0
429,Zotu10464,1,0,0,3.42E-79,0,190,0,0
430,Zotu1575,2,1,1,9.85E-62,0,111,0,0
431,Zotu628,1,0,0,1.35E-29,0,3,-1.213559752,0
432,Zotu4189,1,0,0,4.32E-55,0,58,-1,0
433,Zotu2361,1,0,0,9.85E-62,0,110,0,0
434,Zotu4679,1,0,0,2.56E-26,0,49,-1.739252713,0
435,Zotu4829,1,0,0,9.85E-62,0,108,0,0
436,Zotu2771,4,68,112,1.57E-29,0.166666667,2,1.650614522,0
437,Zotu4890,2,25,25,4.84E-31,0,6,-0.163299316,0
438,Zotu7249,1,0,0,3.42E-79,0,232,0,0
439,Zotu8360,2,0,0,4.30E-29,1,2,-0.173748897,0
440,Zotu841,1,0,0,9.85E-62,0,126,0,0
441,Zotu1045,2,9,9,4.26E-44,0,17,0.324442842,0
442,Zotu10851,3,0,0,4.41E-14,1,39,-1.224744871,0
443,Zotu5661,4,0.333333333,1,5.36E-14,0.833333333,39,0.816496581,0
444,Zotu3072,2,0,0,2.84E-44,1,82,0,0
445,Zotu3444,2,0,0,1.80E-33,1,5,-0.2,0
446,Zotu10050,1,0,0,3.42E-79,0,217,0,0
447,Zotu6918,2,75,130,1.71E-29,0,2,-0.173748897,0
448,Zotu4777,2,0,0,2.84E-44,1,96,0,0
449,Zotu1751,1,0,0,9.85E-62,0,114,0,0
450,Zotu3968,1,0,0,2.13E-44,0,17,-0.811107106,0
451,Zotu5667,2,0,0,2.84E-44,1,88,0,0
452,Zotu5862,3,17.16666667,33,3.44E-31,0,11,0.981980506,0
453,Zotu1367,2,2,2,7.00E-55,0,55,1,0
454,Zotu2898,2,4,4,1.55E-49,0,31,0.707106781,0
455,Zotu372,1,0,0,3.42E-79,0,186,0,0
456,Zotu1700,2,0,0,2.84E-44,1,99,0,0
457,Zotu1540,2,0,0,2.84E-44,1,96,0,0
458,Zotu398,1,0,0,3.42E-79,0,293,0,0
459,Zotu5863,2,1,1,9.85E-62,0,121,0,0
460,Zotu932,1,0,0,3.42E-79,0,272,0,0
461,Zotu498,1,0,0,5.83E-32,0,6,-1.061445555,0
462,Zotu20699,2,0,0,2.84E-44,1,83,0,0
463,Zotu887,1,0,0,3.42E-79,0,261,0,0
464,Zotu1234,2,2,2,7.00E-55,0,56,1,0
465,Zotu721,2,1,1,9.85E-62,0,125,0,0
466,Zotu983,1,0,0,9.85E-62,0,106,0,0
467,Zotu1198,1,0,0,3.42E-79,0,174,0,0
468,Zotu910,2,130,385,9.37E-19,0,1,-0.517036491,0
469,Zotu2011,2,0,0,2.84E-44,1,95,0,0
470,Zotu1832,2,0,0,3.98E-39,1,27,0,0
471,Zotu2899,1,0,0,3.42E-79,0,249,0,0
472,Zotu143,1,0,0,1.37E-38,0,8,-0.795495129,0
473,Zotu808,1,0,0,3.42E-79,0,150,0,0
474,Zotu668,1,0,0,9.85E-62,0,136,0,0
475,Zotu759,3,4,4,4.83E-39,0.333333333,26,1.58113883,0
476,Zotu248,6,27.5,96,0.433057787,0.533333333,0,1.74077656,0
477,Zotu2114,1,0,0,2.04E-38,0,8,-0.795495129,0
478,Zotu2002,1,0,0,3.42E-79,0,269,0,0
479,Zotu1157,1,0,0,9.85E-62,0,109,0,0
480,Zotu3769,1,0,0,3.42E-79,0,148,0,0
481,Zotu2560,1,0,0,3.42E-79,0,203,0,0
482,Zotu1538,1,0,0,4.32E-55,0,45,-1,0
483,Zotu419,1,0,0,3.42E-79,0,147,0,0
484,Zotu1271,1,0,0,1.61E-51,0,76,-0.577350269,0
485,Zotu1236,3,1,2,1.08E-27,0.666666667,7,0.917662935,0
486,Zotu1006,1,0,0,3.42E-79,0,165,0,0
487,Zotu3068,1,0,0,3.42E-79,0,158,0,0
488,Zotu1214,2,16,30,2.22E-32,0,9,-0.254000254,0
489,Zotu1513,2,0,0,2.68E-36,1,41,0,0
490,Zotu842,2,9,18,2.09E-32,0,9,-0.254000254,0
491,Zotu898,1,0,0,3.42E-79,0,315,0,0
492,Zotu1202,2,0,0,2.68E-36,1,41,0,0
493,Zotu3839,1,0,0,1.61E-51,0,72,-0.577350269,0
494,Zotu1541,1,0,0,4.04E-33,0,9,-1.651001651,0
495,Zotu935,3,0,0,7.59E-24,1,48,0,0
496,Zotu10144,2,6,6,1.93E-49,0,32,0.707106781,0
497,Zotu4410,3,12.33333333,29,4.27E-31,0,11,0.981980506,0
498,Zotu5925,2,2,2,7.00E-55,0,44,1,0
499,Zotu4672,2,1,1,9.85E-62,0,101,0,0
500,Zotu3598,1,0,0,9.85E-62,0,110,0,0
501,Zotu6898,1,0,0,3.42E-79,0,206,0,0
502,Zotu1096,1,0,0,3.42E-79,0,265,0,0
503,Zotu3887,2,0,0,2.84E-44,1,83,0,0
504,Zotu827,1,0,0,9.85E-62,0,145,0,0
505,Zotu711,1,0,0,3.42E-79,0,153,0,0
506,Zotu709,1,0,0,6.02E-32,0,11,-1.418416287,0
507,Zotu1067,2,1,1,9.85E-62,0,104,0,0
508,Zotu2359,2,2,2,7.00E-55,0,55,1,0
509,Zotu4137,1,0,0,3.42E-79,0,155,0,0
510,Zotu4825,1,0,0,3.71E-30,0,2,-1.085930607,0
511,Zotu1305,2,0,0,2.84E-44,1,87,0,0
512,Zotu1053,2,9,9,1.52E-31,0,6,-0.163299316,0
513,Zotu3707,1,0,0,3.42E-79,0,317,0,0
514,Zotu233,1,0,0,6.98E-32,0,11,-1.418416287,0
515,Zotu446,2,2,2,7.00E-55,0,61,1,0
516,Zotu462,1,0,0,8.60E-50,0,30,-1.414213562,0
517,Zotu363,2,108,156,1.59E-18,0,1,-0.517036491,0
518,Zotu857,1,0,0,1.89E-44,0,22,-0.707106781,0
519,Zotu2425,1,0,0,3.42E-79,0,310,0,0
520,Zotu292,2,1,1,9.85E-62,0,127,0,0
521,Zotu2329,2,0,0,2.84E-37,1,14,0,0
522,Zotu389,1,0,0,0.052844414,0,0,-1.30558242,0
523,Zotu5200,3,0.5,1,9.21E-32,0.666666667,66,1,0
524,Zotu4883,1,0,0,3.42E-79,0,302,0,0
525,Zotu260,1,0,0,3.42E-79,0,301,0,0
526,Zotu780,1,0,0,3.42E-79,0,300,0,0
527,Zotu818,1,0,0,3.42E-79,0,299,0,0
528,Zotu227,1,0,0,3.42E-79,0,297,0,0
529,Zotu7252,1,0,0,9.85E-62,0,136,0,0
530,Zotu6409,2,0,0,2.84E-44,1,85,0,0
531,Zotu1187,1,0,0,2.13E-44,0,17,-0.811107106,0
532,Zotu3204,3,3,3,1.61E-51,0,74,1.732050808,0
533,Zotu894,1,0,0,4.32E-55,0,59,-1,0
534,Zotu2503,1,0,0,9.85E-62,0,137,0,0
535,Zotu809,1,0,0,3.42E-79,0,290,0,0
536,Zotu1207,1,0,0,3.42E-79,0,286,0,0
537,Zotu245,1,0,0,3.42E-79,0,318,0,0
538,Zotu2556,1,0,0,9.85E-62,0,141,0,0
539,Zotu1257,1,0,0,3.42E-79,0,285,0,0
540,Zotu2742,2,6,6,5.10E-35,0,12,0,0
541,Zotu1051,2,0,0,2.84E-44,1,99,0,0
542,Zotu5000,2,3,3,2.74E-39,0,28,0,0
543,Zotu994,3,19,52,0.002188029,0.333333333,0,-0.087038828,0
544,Zotu616,1,0,0,3.42E-79,0,281,0,0
545,Zotu1245,2,4,4,1.19E-35,0,19,0,0
546,Zotu3321,2,1,3,6.24E-25,0,15,-0.632455532,0
547,Zotu4984,1,0,0,3.42E-79,0,280,0,0
548,Zotu8168,2,0,0,2.84E-44,1,92,0,0
549,Zotu8325,1,0,0,3.42E-79,0,286,0,0
550,Zotu1765,2,0,0,5.53E-30,1,13,-0.40824829,0
551,Zotu1535,2,24,24,2.88E-38,0,8,0.176776695,0
552,Zotu722,4,9,14,9.82E-25,0.166666667,15,1.58113883,0
553,Zotu501,3,86,239,1.15E-19,0,1,0.402139493,0
554,Zotu690,1,0,0,3.42E-79,0,277,0,0
555,Zotu238,1,0,0,9.85E-62,0,119,0,0
556,Zotu357,1,0,0,3.42E-79,0,275,0,0
557,Zotu6990,1,0,0,3.42E-79,0,274,0,0
558,Zotu2536,1,0,0,3.42E-79,0,273,0,0
559,Zotu1986,2,38.5,77,3.03E-29,0,2,-0.173748897,0
560,Zotu4710,3,7,7,9.86E-47,0,20,1.788854382,0
561,Zotu1213,1,0,0,3.42E-79,0,269,0,0
562,Zotu2601,1,0,0,3.42E-79,0,294,0,0
563,Zotu536,1,0,0,3.42E-79,0,268,0,0
564,Zotu619,2,2,2,7.00E-55,0,62,1,0
565,Zotu126,1,0,0,1.51E-29,0,16,-1.45999279,0
566,Zotu2269,1,0,0,9.85E-62,0,142,0,0
567,Zotu2401,2,2,2,7.00E-55,0,44,1,0
568,Zotu2405,2,1,1,9.85E-62,0,141,0,0
569,Zotu4562,1,0,0,3.42E-79,0,267,0,0
570,Zotu2091,2,1,1,9.85E-62,0,102,0,0
571,Zotu1841,1,0,0,3.42E-79,0,266,0,0
572,Zotu191,3,3,6,9.37E-26,0.666666667,49,0.474341649,0
573,Zotu1440,1,0,0,3.42E-79,0,264,0,0
574,Zotu847,1,0,0,3.42E-79,0,263,0,0
575,Zotu2082,1,0,0,3.42E-79,0,262,0,0
576,Zotu2841,4,0,0,0.352883621,1,0,0.522232968,0
577,Zotu520,3,101,172,5.13E-29,0,2,0.738432813,0
578,Zotu2038,1,0,0,1.89E-44,0,22,-0.707106781,0
579,Zotu2450,1,0,0,3.42E-79,0,259,0,0
580,Zotu1212,2,0,0,2.84E-44,1,87,0,0
581,Zotu402,1,0,0,3.42E-79,0,258,0,0
582,Zotu1435,2,1,1,9.85E-62,0,144,0,0
583,Zotu229,1,0,0,4.05E-35,0,12,-1.154700538,0
584,Zotu803,1,0,0,9.85E-62,0,139,0,0
585,Zotu271,1,0,0,3.42E-79,0,255,0,0
586,Zotu3856,5,9.166666667,35,0.396459302,0.7,0,1.131504764,0
587,Zotu945,1,0,0,3.42E-79,0,256,0,0
588,Zotu1785,1,0,0,9.85E-62,0,138,0,0
589,Zotu3115,3,37,73,0.058101827,0,0,-0.087038828,0
590,Zotu7844,1,0,0,3.42E-79,0,252,0,0
591,Zotu726,1,0,0,9.85E-62,0,144,0,0
592,Zotu1083,1,0,0,3.42E-79,0,264,0,0
593,Zotu678,1,0,0,3.43E-20,0,1,-1.436212474,0
594,Zotu4501,1,0,0,3.42E-79,0,251,0,0
595,Zotu504,1,0,0,3.42E-79,0,250,0,0
596,Zotu727,1,0,0,8.60E-50,0,31,-1.414213562,0
597,Zotu151,2,0,0,2.84E-44,1,98,0,0
598,Zotu1838,2,0,0,2.84E-44,1,97,0,0
599,Zotu3181,1,0,0,3.42E-79,0,248,0,0
600,Zotu3980,1,0,0,4.32E-55,0,57,-1,0
601,Zotu526,1,0,0,3.42E-79,0,247,0,0
602,Zotu1336,5,105.6666667,247,0.264145659,0.1,0,1.131504764,0
603,Zotu1940,1,0,0,3.42E-79,0,260,0,0
604,Zotu3334,2,0,0,3.98E-39,1,24,0,0
605,Zotu1486,1,0,0,9.85E-62,0,137,0,0
606,Zotu2914,1,0,0,1.24E-39,0,28,-1.58113883,0
607,Zotu638,2,1,1,9.85E-62,0,110,0,0
608,Zotu896,1,0,0,1.61E-51,0,72,-0.577350269,0
609,Zotu558,3,5,5,3.52E-48,0,34,1.75,0
610,Zotu812,1,0,0,3.42E-79,0,243,0,0
611,Zotu352,2,1,1,9.85E-62,0,134,0,0
612,Zotu517,1,0,0,7.07E-43,0,23,-0.603022689,0
613,Zotu2310,1,0,0,3.42E-79,0,282,0,0
614,Zotu7585,1,0,0,2.13E-44,0,17,-0.811107106,0
615,Zotu6928,1,0,0,9.85E-62,0,129,0,0
616,Zotu4196,1,0,0,3.42E-79,0,263,0,0
617,Zotu3132,1,0,0,3.42E-79,0,240,0,0
618,Zotu5812,1,0,0,3.42E-79,0,239,0,0
619,Zotu604,1,0,0,3.42E-79,0,238,0,0
620,Zotu182,1,0,0,2.55E-46,0,29,-0.894427191,0
621,Zotu1853,2,10,10,1.02E-34,0,12,0,0
622,Zotu1172,1,0,0,3.42E-79,0,237,0,0
623,Zotu3063,1,0,0,9.85E-62,0,130,0,0
624,Zotu2033,1,0,0,4.95E-31,0,13,-1.837117307,0
625,Zotu4050,1,0,0,9.85E-62,0,126,0,0
626,Zotu1731,1,0,0,4.32E-55,0,46,-1,0
627,Zotu1160,2,1,1,9.85E-62,0,114,0,0
628,Zotu90,1,0,0,1.61E-51,0,76,-0.577350269,0
629,Zotu2885,1,0,0,3.42E-79,0,236,0,0
630,Zotu2183,2,0,0,1.39E-34,1,12,0,0
631,Zotu2320,1,0,0,3.42E-79,0,243,0,0
632,Zotu3786,3,150,456,2.83E-18,0.333333333,1,0.402139493,0
633,Zotu4033,1,0,0,7.13E-47,0,21,-0.894427191,0
634,Zotu175,1,0,0,4.41E-47,0,21,-0.894427191,0
635,Zotu4302,2,1,1,9.85E-62,0,132,0,0
636,Zotu118,3,38,53,4.05E-30,0,3,0.943879807,0
637,Zotu1503,1,0,0,3.42E-79,0,234,0,0
638,Zotu254,1,0,0,3.42E-79,0,233,0,0
639,Zotu696,2,4,4,6.09E-47,0,21,0.447213595,0
640,Zotu1997,3,0,0,7.59E-24,1,48,0,0
641,Zotu4073,1,0,0,1.89E-44,0,22,-0.707106781,0
642,Zotu1290,1,0,0,2.01E-40,0,84,-1.414213562,0
643,Zotu2063,1,0,0,1.61E-51,0,76,-0.577350269,0
644,Zotu1223,2,1,1,9.85E-62,0,128,0,0
645,Zotu1562,2,0,0,7.84E-11,1,38,-0.697485832,0
646,Zotu670,1,0,0,3.42E-79,0,227,0,0
647,Zotu1456,1,0,0,3.42E-79,0,226,0,0
648,Zotu463,2,33,33,2.32E-41,0,4,0.215665546,0
649,Zotu5158,1,0,0,2.01E-40,0,81,-1.414213562,0
650,Zotu2334,1,0,0,3.42E-79,0,225,0,0
651,Zotu753,2,1,1,9.85E-62,0,130,0,0
652,Zotu1505,1,0,0,3.42E-79,0,224,0,0
653,Zotu439,2,0,0,7.19E-32,1,67,-1,0
654,Zotu585,1,0,0,9.85E-62,0,128,0,0
655,Zotu1091,1,0,0,3.42E-79,0,223,0,0
656,Zotu452,1,0,0,9.85E-62,0,122,0,0
657,Zotu1485,1,0,0,3.42E-79,0,300,0,0
658,Zotu16600,3,15.83333333,33,4.72E-31,0,11,0.981980506,0
659,Zotu396,1,0,0,3.42E-79,0,222,0,0
660,Zotu188,2,0,0,2.84E-44,1,86,0,0
661,Zotu2442,1,0,0,3.42E-79,0,309,0,0
662,Zotu1145,1,0,0,3.42E-79,0,221,0,0
663,Zotu2179,1,0,0,3.42E-79,0,220,0,0
664,Zotu1618,1,0,0,3.42E-79,0,218,0,0
665,Zotu115,2,0,0,2.84E-44,1,86,0,0
666,Zotu106,1,0,0,1.28E-25,0,15,-1.739252713,0
667,Zotu1119,1,0,0,3.42E-79,0,283,0,0
668,Zotu459,1,0,0,3.20E-31,0,6,-1.061445555,0
669,Zotu4246,1,0,0,3.42E-79,0,217,0,0
670,Zotu200,3,5,7,2.55E-38,0,33,1.224744871,0
671,Zotu701,3,7,7,9.86E-47,0,21,1.788854382,0
672,Zotu4433,2,6,6,1.15E-46,0,20,0.447213595,0
673,Zotu311,1,0,0,9.50E-12,0,38,-1.336847846,0
674,Zotu521,1,0,0,2.71E-29,0,2,-1.085930607,0
675,Zotu1162,1,0,0,3.42E-79,0,280,0,0
676,Zotu4241,2,0,0,2.84E-44,1,94,0,0
677,Zotu1465,1,0,0,3.42E-79,0,215,0,0
678,Zotu2265,1,0,0,3.42E-79,0,216,0,0
679,Zotu695,2,0,0,2.84E-44,1,98,0,0
680,Zotu2453,2,1,1,9.85E-62,0,109,0,0
681,Zotu2214,1,0,0,3.42E-79,0,213,0,0
682,Zotu1564,3,0.5,1,9.21E-32,0.666666667,67,1,0
683,Zotu2852,2,4,4,5.49E-46,0,25,0.447213595,0
684,Zotu752,1,0,0,9.85E-62,0,111,0,0
685,Zotu770,5,273,591,4.60E-18,0.1,1,2.24049146,0
686,Zotu6399,2,5,7,4.11E-29,0,16,-0.324442842,0
687,Zotu3335,2,0,0,5.19E-31,1,6,-0.163299316,0
688,Zotu2447,2,1,1,9.85E-62,0,137,0,0
689,Zotu2717,3,4,6,5.63E-29,0.333333333,53,0.707106781,0
690,Zotu2831,4,8,8,2.32E-35,0.166666667,19,2,0
691,Zotu1934,1,0,0,3.42E-79,0,302,0,0
692,Zotu2210,2,0,0,3.72E-40,1,81,0,0
693,Zotu793,3,3,3,1.61E-51,0,76,1.732050808,0
694,Zotu1975,1,0,0,3.42E-79,0,210,0,0
695,Zotu1581,1,0,0,3.42E-79,0,209,0,0
696,Zotu2055,2,2,2,7.00E-55,0,61,1,0
697,Zotu88,1,0,0,3.42E-79,0,208,0,0
698,Zotu737,4,2.333333333,9,2.00E-10,0.833333333,38,0.581238194,0
699,Zotu18464,1,0,0,3.42E-79,0,207,0,0
700,Zotu17613,1,0,0,1.54E-36,0,40,-0.912870929,0
701,Zotu2408,1,0,0,3.42E-79,0,220,0,0
702,Zotu4886,1,0,0,3.42E-79,0,247,0,0
703,Zotu1735,1,0,0,3.42E-79,0,206,0,0
704,Zotu669,1,0,0,3.42E-79,0,204,0,0
705,Zotu911,1,0,0,3.42E-79,0,279,0,0
706,Zotu516,1,0,0,3.42E-79,0,203,0,0
707,Zotu771,1,0,0,1.61E-51,0,75,-0.577350269,0
708,Zotu152,2,4,4,2.15E-51,0,36,0.816496581,0
709,Zotu2445,1,0,0,3.42E-79,0,296,0,0
710,Zotu1834,1,0,0,3.42E-79,0,218,0,0
711,Zotu533,1,0,0,4.24E-42,0,4,-1.401826052,0
712,Zotu1205,3,3,4,2.94E-30,0.333333333,65,0.75,0
713,Zotu2373,1,0,0,9.85E-62,0,119,0,0
714,Zotu4788,3,8,16,5.17E-24,0.666666667,10,0.538815906,0
715,Zotu3989,1,0,0,3.42E-79,0,234,0,0
716,Zotu17178,2,0,0,1.68E-35,1,19,0,0
717,Zotu384,1,0,0,3.42E-79,0,202,0,0
718,Zotu4041,1,0,0,9.85E-62,0,118,0,0
719,Zotu1173,2,0,0,2.84E-44,1,79,0,0
720,Zotu4157,1,0,0,1.30E-29,0,2,-1.085930607,0
721,Zotu991,1,0,0,1.07E-51,0,36,-1.224744871,0
722,Zotu1037,2,4,4,1.55E-49,0,32,0.707106781,0
723,Zotu2667,1,0,0,3.42E-79,0,298,0,0
724,Zotu6952,3,0,0,7.59E-24,1,52,0,0
725,Zotu2355,2,1,1,9.85E-62,0,122,0,0
726,Zotu4117,1,0,0,9.85E-62,0,143,0,0
727,Zotu4971,1,0,0,4.32E-55,0,46,-1,0
728,Zotu3498,3,0,0,7.59E-24,1,64,0,0
729,Zotu2612,1,0,0,3.42E-79,0,275,0,0
730,Zotu1530,1,0,0,9.85E-62,0,130,0,0
731,Zotu4079,1,0,0,3.42E-79,0,200,0,0
732,Zotu5142,1,0,0,3.42E-79,0,197,0,0
733,Zotu267,2,0,0,7.19E-32,1,67,-1,0
734,Zotu1306,3,3,3,1.61E-51,0,71,1.732050808,0
735,Zotu1556,1,0,0,3.42E-79,0,306,0,0
736,Zotu4151,3,3,3,1.61E-51,0,73,1.732050808,0
737,Zotu1651,1,0,0,2.15E-19,0,1,-1.436212474,0
738,Zotu1938,1,0,0,3.42E-79,0,194,0,0
739,Zotu343,3,2,2,4.36E-40,0.333333333,80,1.414213562,0
740,Zotu2575,1,0,0,3.42E-79,0,192,0,0
741,Zotu3095,1,0,0,3.42E-79,0,191,0,0
742,Zotu1770,1,0,0,0.000465403,0,0,-1.30558242,0
743,Zotu5172,1,0,0,7.13E-47,0,21,-0.894427191,0
744,Zotu458,1,0,0,3.42E-79,0,189,0,0
745,Zotu1033,3,17,50,0.004910658,0.666666667,0,-0.087038828,0
746,Zotu367,4,16,16,1.97E-34,0.166666667,12,2.309401077,0
747,Zotu1843,1,0,0,2.49E-48,0,35,-0.75,0
748,Zotu1238,3,64,144,0.015988102,0.333333333,0,-0.087038828,0
749,Zotu2030,5,73,163,0.248440798,0.1,0,1.131504764,0
750,Zotu493,2,4.5,12,3.20E-31,0,11,-0.21821789,0
751,Zotu1021,3,0.5,1,9.21E-32,0.666666667,68,1,0
752,Zotu453,2,44,64,7.50E-30,0,3,-0.134839972,0
753,Zotu4963,1,0,0,9.85E-62,0,115,0,0
754,Zotu345,1,0,0,1.91E-30,0,3,-1.213559752,0
755,Zotu1278,1,0,0,3.42E-79,0,244,0,0
756,Zotu3596,2,3,3,3.52E-48,0,35,0.5,0
757,Zotu6274,1,0,0,3.42E-79,0,187,0,0
758,Zotu976,1,0,0,3.42E-79,0,186,0,0
759,Zotu4961,1,0,0,7.13E-47,0,20,-0.894427191,0
760,Zotu3383,1,0,0,3.42E-79,0,184,0,0
761,Zotu2117,1,0,0,9.85E-62,0,116,0,0
762,Zotu3377,1,0,0,3.42E-79,0,304,0,0
763,Zotu907,2,0,0,4.30E-29,1,2,-0.173748897,0
764,Zotu1206,3,81.5,181,0.065344562,0,0,-0.087038828,0
765,Zotu3055,1,0,0,3.42E-79,0,266,0,0
766,Zotu874,1,0,0,3.42E-79,0,183,0,0
767,Zotu1775,1,0,0,3.42E-79,0,182,0,0
768,Zotu4084,1,0,0,1.61E-51,0,71,-0.577350269,0
769,Zotu1603,2,2,2,7.00E-55,0,46,1,0
770,Zotu15085,1,0,0,3.42E-79,0,229,0,0
771,Zotu20818,3,1,2,3.33E-30,0.666666667,65,0.75,0
772,Zotu8526,3,15.16666667,35,5.55E-32,0,9,1.143001143,0
773,Zotu1403,2,0,0,2.84E-44,1,90,0,0
774,Zotu3840,1,0,0,4.32E-55,0,43,-1,0
775,Zotu4207,2,6,6,1.15E-46,0,21,0.447213595,0
776,Zotu505,1,0,0,3.42E-79,0,181,0,0
777,Zotu2247,2,9,16,1.01E-32,0,9,-0.254000254,0
778,Zotu1243,1,0,0,3.42E-79,0,271,0,0
779,Zotu3756,2,6,6,1.93E-49,0,31,0.707106781,0
780,Zotu4044,1,0,0,3.42E-79,0,180,0,0
781,Zotu7803,2,0,0,2.84E-44,1,77,0,0
782,Zotu1667,1,0,0,1.23E-41,0,4,-1.401826052,0
783,Zotu2918,1,0,0,3.42E-79,0,179,0,0
784,Zotu1710,1,0,0,3.42E-79,0,211,0,0
785,Zotu1008,1,0,0,3.42E-79,0,176,0,0
786,Zotu3781,1,0,0,3.42E-79,0,175,0,0
787,Zotu1545,2,0.333333333,1,1.77E-26,0,50,-2,0
788,Zotu2246,2,1,1,9.85E-62,0,118,0,0
789,Zotu1937,3,15,58,1.20E-18,0.333333333,1,0.402139493,0
790,Zotu6457,3,3,3,1.61E-51,0,72,1.732050808,0
791,Zotu586,2,0,0,2.84E-44,1,83,0,0
792,Zotu20183,2,1,1,9.85E-62,0,115,0,0
793,Zotu2589,1,0,0,3.42E-79,0,209,0,0
794,Zotu2149,1,0,0,3.42E-79,0,239,0,0
795,Zotu4765,1,0,0,3.42E-79,0,146,0,0
796,Zotu2555,1,0,0,3.42E-79,0,170,0,0
797,Zotu931,1,0,0,3.42E-79,0,291,0,0
798,Zotu966,2,30,81,3.77E-20,0,1,-0.517036491,0
799,Zotu2893,1,0,0,3.42E-79,0,196,0,0
800,Zotu48,2,0,0,2.84E-44,1,79,0,0
801,Zotu3354,2,6,6,9.81E-35,0,12,0,0
802,Zotu3981,1,0,0,3.42E-79,0,193,0,0
803,Zotu2974,1,0,0,3.42E-79,0,212,0,0
804,Zotu732,1,0,0,3.42E-79,0,250,0,0
805,Zotu2201,5,29,29,8.31E-31,0.1,6,2.531139401,0
806,Zotu1683,1,0,0,3.42E-79,0,241,0,0
807,Zotu1567,1,0,0,1.54E-36,0,40,-0.912870929,0
808,Zotu1077,2,8,10,3.00E-30,0,13,-0.40824829,0
809,Zotu704,1,0,0,4.17E-34,0,5,-1.5,0
810,Zotu19557,1,0,0,6.49E-31,0,3,-1.213559752,0
811,Zotu2084,2,0,0,7.84E-11,1,38,-0.697485832,0
812,Zotu2077,1,0,0,4.32E-55,0,55,-1,0
813,Zotu3837,1,0,0,3.42E-79,0,285,0,0
814,Zotu2952,2,9,16,1.68E-31,0,11,-0.21821789,0
815,Zotu2206,1,0,0,3.42E-79,0,168,0,0
816,Zotu1171,2,2,2,7.00E-55,0,47,1,0
817,Zotu61,1,0,0,5.67E-39,0,8,-0.795495129,0
818,Zotu318,2,7,18,6.78E-11,0,38,-0.697485832,0
819,Zotu9526,1,0,0,3.42E-79,0,167,0,0
820,Zotu19241,1,0,0,3.42E-79,0,278,0,0
821,Zotu992,2,13,13,9.29E-42,0,4,0.215665546,0
822,Zotu1534,2,5,6,1.32E-30,0,13,-0.40824829,0
823,Zotu16745,3,4,4,4.83E-39,0.333333333,24,1.58113883,0
824,Zotu10558,1,0,0,3.42E-79,0,166,0,0
825,Zotu927,2,14,22,1.52E-24,0,10,-0.359210604,0
826,Zotu4525,1,0,0,3.42E-79,0,258,0,0
827,Zotu20297,1,0,0,9.85E-62,0,101,0,0
828,Zotu29,4,3,3,2.27E-22,0.5,63,1.224744871,0
829,Zotu849,3,8,8,8.96E-36,0.333333333,18,1.322875656,0
830,Zotu14864,1,0,0,3.42E-79,0,163,0,0
831,Zotu9433,2,0,0,3.72E-40,1,80,0,0
832,Zotu754,2,0,0,3.06E-19,1,1,-0.517036491,0
833,Zotu9250,1,0,0,3.42E-79,0,161,0,0
834,Zotu595,2,18,18,2.21E-28,0,7,-0.229415734,0
835,Zotu443,3,41,113,2.10E-18,0.333333333,1,0.402139493,0
836,Zotu1610,1,0,0,3.42E-79,0,284,0,0
837,Zotu1978,1,0,0,1.79E-42,0,23,-0.603022689,0
838,Zotu2252,2,1,1,9.85E-62,0,113,0,0
839,Zotu6283,1,0,0,3.42E-79,0,173,0,0
840,Zotu3935,1,0,0,1.07E-51,0,37,-1.224744871,0
841,Zotu611,3,1,3,9.45E-25,0.666666667,15,0.474341649,0
842,Zotu1378,2,7,18,6.78E-11,0,38,-0.697485832,0
843,Zotu2853,1,0,0,3.42E-79,0,245,0,0
844,Zotu2874,1,0,0,3.42E-79,0,295,0,0
845,Zotu1720,1,0,0,4.32E-55,0,62,-1,0
846,Zotu2158,1,0,0,3.42E-79,0,233,0,0
847,Zotu8189,1,0,0,7.34E-23,0,63,-1.837117307,0
848,Zotu4547,3,56,56,4.29E-41,0,4,1.833157144,0
849,Zotu89,1,0,0,3.42E-79,0,248,0,0
850,Zotu235,2,4,4,5.49E-46,0,29,0.447213595,0
851,Zotu2819,3,0,0,2.09E-22,1,63,0.204124145,0
852,Zotu2317,1,0,0,9.85E-62,0,121,0,0
853,Zotu3370,3,9.5,21,3.71E-11,0,38,-0.058123819,0
854,Zotu2665,3,1,2,3.33E-30,0.666666667,70,0.75,0
855,Zotu2242,1,0,0,3.42E-79,0,179,0,0
856,Zotu4121,1,0,0,1.61E-51,0,72,-0.577350269,0
857,Zotu450,1,0,0,3.42E-79,0,273,0,0
858,Zotu129,1,0,0,3.42E-79,0,238,0,0
859,Zotu373,2,0,0,3.17E-24,1,10,-0.359210604,0
860,Zotu201,2,2.333333333,6,2.14E-29,0,3,-0.134839972,0
861,Zotu421,2,1,2,2.04E-38,0,33,0,0
862,Zotu868,2,6,6,1.93E-49,0,30,0.707106781,0
863,Zotu2240,1,0,0,1.61E-51,0,73,-0.577350269,0
864,Zotu1156,1,0,0,9.85E-62,0,109,0,0
865,Zotu474,1,0,0,9.85E-62,0,141,0,0
866,Zotu799,1,0,0,9.85E-62,0,122,0,0
867,Zotu2773,3,3,6,1.11E-28,0.666666667,16,0.811107106,0
868,Zotu64,2,1,1,9.85E-62,0,142,0,0
869,Zotu1192,2,0,0,3.98E-39,1,28,0,0
870,Zotu269,1,0,0,1.61E-51,0,73,-0.577350269,0
871,Zotu38,2,0,0,5.45E-26,1,49,-0.632455532,0
872,Zotu1717,3,49,49,3.29E-41,0,4,1.833157144,0
873,Zotu1957,1,0,0,3.42E-79,0,158,0,0
874,Zotu431,2,9,16,1.68E-31,0,11,-0.21821789,0
875,Zotu627,1,0,0,4.32E-55,0,58,-1,0
876,Zotu457,4,32,32,4.19E-38,0,8,2.121320344,0
877,Zotu751,2,0,0,3.72E-40,1,84,0,0
878,Zotu2110,2,2,2,7.00E-55,0,59,1,0
879,Zotu19274,1,0,0,4.02E-46,0,25,-0.894427191,0
880,Zotu5251,2,1,1,9.85E-62,0,106,0,0
881,Zotu68,2,2,2,7.00E-55,0,45,1,0
882,Zotu371,1,0,0,9.85E-62,0,107,0,0
883,Zotu310,3,8,8,8.96E-36,0.333333333,18,1.322875656,0
884,Zotu422,1,0,0,3.42E-79,0,237,0,0
885,Zotu1377,1,0,0,3.42E-79,0,197,0,0
886,Zotu193,1,0,0,3.42E-79,0,157,0,0
887,Zotu1565,3,21.83333333,44,4.54E-32,0,9,1.143001143,0
888,Zotu728,1,0,0,4.32E-55,0,61,-1,0
889,Zotu4740,2,1,1,9.85E-62,0,120,0,0
890,Zotu3144,1,0,0,3.42E-79,0,198,0,0
891,Zotu1199,1,0,0,1.24E-39,0,24,-1.58113883,0
892,Zotu2026,1,0,0,3.42E-79,0,226,0,0
893,Zotu1941,1,0,0,3.42E-79,0,171,0,0
894,Zotu1637,2,1,1,9.85E-62,0,105,0,0
895,Zotu3621,1,0,0,9.85E-62,0,100,0,0
896,Zotu845,2,2,2,7.00E-55,0,62,1,0
897,Zotu2490,1,0,0,3.42E-79,0,316,0,0
898,Zotu5003,2,0,0,2.84E-44,1,87,0,0
899,Zotu3465,2,1,1,9.85E-62,0,108,0,0
900,Zotu2549,1,0,0,4.32E-55,0,60,-1,0
901,Zotu2573,3,0,0,2.09E-22,1,63,0.204124145,0
902,Zotu1075,3,1,2,2.52E-26,0.333333333,50,0.5,0
903,Zotu2022,1,0,0,4.32E-55,0,55,-1,0
904,Zotu1447,1,0,0,3.42E-79,0,156,0,0
905,Zotu304,1,0,0,3.42E-79,0,155,0,0
906,Zotu448,1,0,0,3.42E-79,0,183,0,0
907,Zotu930,1,0,0,3.42E-79,0,154,0,0
908,Zotu766,3,3,6,9.37E-26,0.666666667,49,0.474341649,0
909,Zotu4265,1,0,0,3.42E-79,0,166,0,0
910,Zotu4191,5,9.166666667,35,0.396459302,0.7,0,1.131504764,0
911,Zotu3142,1,0,0,3.42E-79,0,199,0,0
912,Zotu872,1,0,0,9.85E-62,0,132,0,0
913,Zotu631,1,0,0,3.42E-79,0,192,0,0
914,Zotu918,1,0,0,3.42E-79,0,171,0,0
915,Zotu253,3,8,9,9.54E-28,0.333333333,7,0.917662935,0
916,Zotu1095,2,14,14,9.36E-29,0,7,-0.229415734,0
917,Zotu150,1,0,0,0.041042648,0,0,-1.30558242,0
918,Zotu795,5,119,182,7.31E-29,0.1,2,2.562796232,0
919,Zotu1020,2,49,49,3.46E-41,0,4,0.215665546,0
920,Zotu1907,2,4,4,1.55E-49,0,32,0.707106781,0
921,Zotu4712,1,0,0,1.21E-37,0,14,-1.322875656,0
922,Zotu18709,1,0,0,3.42E-79,0,153,0,0
923,Zotu1729,3,0,0,7.59E-24,1,52,0,0
924,Zotu1445,1,0,0,4.32E-55,0,62,-1,0
925,Zotu4299,3,11,11,2.78E-37,0,14,1.322875656,0
926,Zotu3639,2,2,2,7.00E-55,0,59,1,0
927,Zotu1903,2,3,3,1.61E-51,0,37,0.816496581,0
928,Zotu1539,1,0,0,9.85E-62,0,127,0,0
929,Zotu1071,1,0,0,3.42E-79,0,168,0,0
930,Zotu806,1,0,0,9.85E-62,0,117,0,0
931,Zotu1408,2,5,5,1.50E-37,0,14,0,0
932,Zotu957,1,0,0,3.42E-79,0,151,0,0
933,Zotu1086,2,3,3,1.61E-51,0,36,0.816496581,0
934,Zotu275,1,0,0,1.07E-51,0,37,-1.224744871,0
935,Zotu552,3,17,17,3.37E-38,0,8,1.149048519,0
936,Zotu454,3,17,17,1.39E-38,0,8,1.149048519,0
937,Zotu1593,1,0,0,8.60E-50,0,30,-1.414213562,0
938,Zotu1061,2,1,1,9.85E-62,0,136,0,0
939,Zotu797,1,0,0,3.42E-79,0,208,0,0
940,Zotu2342,5,20,32,6.29E-24,0.2,10,2.334868926,0
941,Zotu146,1,0,0,9.76E-36,0,19,-1,0
942,Zotu249,1,0,0,3.42E-79,0,254,0,0
943,Zotu1341,1,0,0,3.42E-79,0,292,0,0
944,Zotu1062,1,0,0,9.85E-62,0,135,0,0
945,Zotu17894,1,0,0,6.51E-38,0,14,-1.322875656,0
946,Zotu2358,2,0,0,3.17E-24,1,10,-0.359210604,0
947,Zotu1135,2,0,0,2.84E-44,1,77,0,0
948,Zotu2720,1,0,0,4.32E-55,0,54,-1,0
949,Zotu562,2,0,0,2.84E-44,1,78,0,0
950,Zotu1531,4,38.83333333,65,3.69E-29,0,3,2.022599587,0
951,Zotu810,1,0,0,3.42E-79,0,317,0,0
952,Zotu1656,2,0,0,2.84E-44,1,86,0,0
953,Zotu1686,1,0,0,3.42E-79,0,184,0,0
954,Zotu9143,1,0,0,9.85E-62,0,107,0,0
955,Zotu545,1,0,0,3.42E-79,0,270,0,0
956,Zotu6183,1,0,0,3.42E-79,0,281,0,0
957,Zotu16,4,5,5,3.60E-36,0.166666667,40,1.825741858,0
958,Zotu132,1,0,0,9.85E-62,0,112,0,0
959,Zotu912,2,1,1,9.85E-62,0,133,0,0
960,Zotu6612,1,0,0,3.42E-79,0,148,0,0
961,Zotu3309,1,0,0,3.42E-79,0,262,0,0
962,Zotu1035,1,0,0,3.42E-79,0,151,0,0
963,Zotu2533,1,0,0,3.42E-79,0,159,0,0
964,Zotu1511,1,0,0,1.11E-30,0,70,-1.75,0
965,Zotu7337,3,2,2,4.36E-40,0.333333333,84,1.414213562,0
966,Zotu4362,3,37.33333333,66,2.64E-29,0,3,0.943879807,0
967,Zotu420,2,5,5,4.62E-36,0,18,0,0
968,Zotu1114,1,0,0,9.85E-62,0,138,0,0
969,Zotu7481,1,0,0,3.42E-79,0,187,0,0
970,Zotu3719,2,0,0,2.84E-44,1,88,0,0
971,Zotu555,1,0,0,3.42E-79,0,191,0,0
972,Zotu836,1,0,0,3.42E-79,0,242,0,0
973,Zotu2413,2,4,4,1.55E-49,0,31,0.707106781,0
974,Zotu2351,1,0,0,3.42E-79,0,270,0,0
975,Zotu734,3,0.333333333,1,2.72E-26,0.666666667,50,0.5,0
976,Zotu1331,1,0,0,3.42E-79,0,149,0,0
977,Zotu314,2,0,0,7.14E-19,1,1,-0.517036491,0
978,Zotu543,2,0,0,9.21E-30,1,2,-0.173748897,0
979,Zotu1168,1,0,0,3.42E-79,0,274,0,0
980,Zotu1239,1,0,0,3.42E-79,0,150,0,0
981,Zotu1391,1,0,0,3.42E-79,0,147,0,0
982,Zotu438,1,0,0,3.42E-79,0,167,0,0
983,Zotu1629,1,0,0,3.42E-79,0,199,0,0
984,Zotu1047,1,0,0,9.85E-62,0,101,0,0
985,Zotu2128,3,9,9,2.84E-44,0,17,1.45999279,0
986,Zotu2834,1,0,0,4.32E-55,0,44,-1,0
987,Zotu1878,1,0,0,3.42E-79,0,160,0,0
988,Zotu1353,2,0,0,2.84E-44,1,95,0,0
989,Zotu186,1,0,0,3.42E-79,0,227,0,0
990,Zotu1449,4,5,5,3.60E-36,0.166666667,41,1.825741858,0
991,Zotu1264,4,21,22,1.22E-27,0.333333333,7,2.064741605,0
992,Zotu2435,2,6.5,20,0.061943825,0,0,-0.696310624,0
993,Zotu198,4,60.33333333,99,3.61E-29,0,3,2.022599587,0
994,Zotu301,1,0,0,2.49E-48,0,35,-0.75,0
995,Zotu73,1,0,0,1.07E-51,0,36,-1.224744871,0
996,Zotu167,3,5,5,3.52E-48,0,35,1.75,0
997,Zotu740,1,0,0,9.85E-62,0,125,0,0
998,Zotu237,2,2,2,7.00E-55,0,58,1,0
999,Zotu63,2,3.833333333,8,2.17E-29,0,3,-0.134839972,0
1000,Zotu460,7,32.5,61,2.28E-10,0.19047619,38,2.499324233,0
1001,Zotu1772,1,0,0,3.42E-79,0,214,0,0
1002,Zotu902,1,0,0,9.85E-62,0,139,0,0
1003,Zotu171,2,4,4,5.49E-46,0,25,0.447213595,0
1004,Zotu1709,1,0,0,4.02E-46,0,29,-0.894427191,0
1005,Zotu134,2,50,75,1.65E-29,0,3,-0.134839972,0
1006,Zotu333,1,0,0,3.42E-79,0,257,0,0
1007,Zotu1589,1,0,0,3.42E-79,0,279,0,0
1008,Zotu232,1,0,0,3.42E-79,0,205,0,0
1009,Zotu1393,1,0,0,9.85E-62,0,115,0,0
1010,Zotu157,3,4,4,4.83E-39,0.333333333,27,1.58113883,0
1011,Zotu376,2,30,60,1.34E-19,0,1,-0.517036491,0
1012,Zotu80,1,0,0,3.42E-79,0,164,0,0
1013,Zotu1643,2,0,0,2.84E-44,1,91,0,0
1014,Zotu1661,2,0,0,2.84E-44,1,90,0,0
1015,Zotu6756,3,0.333333333,1,2.72E-26,0.666666667,50,0.5,0
1016,Zotu239,2,13,13,2.52E-41,0,4,0.215665546,0
1017,Zotu466,2,3,3,2.74E-39,0,26,0,0
1018,Zotu2772,3,21,21,1.28E-33,0,5,1.1,0
1019,Zotu2103,1,0,0,3.42E-79,0,161,0,0
1020,Zotu11166,1,0,0,9.85E-62,0,103,0,0
1021,Zotu858,2,0,0,2.84E-44,1,93,0,0
1022,Zotu1590,1,0,0,3.42E-79,0,176,0,0
1023,Zotu479,1,0,0,7.13E-47,0,20,-0.894427191,0
1024,Zotu1889,4,2.333333333,9,2.00E-10,0.833333333,38,0.581238194,0
1025,Zotu36,3,1,2,3.33E-30,0.666666667,70,0.75,0
1026,Zotu8916,2,0,0,2.84E-44,1,95,0,0
1027,Zotu817,1,0,0,3.42E-79,0,316,0,0
1028,Zotu1299,2,75,110,3.30E-29,0,2,-0.173748897,0
1029,Zotu407,1,0,0,3.42E-79,0,315,0,0
1030,Zotu23,3,8,16,5.17E-24,0.666666667,10,0.538815906,0
1031,Zotu649,1,0,0,3.42E-79,0,314,0,0
1032,Zotu2375,1,0,0,4.32E-55,0,54,-1,0
1033,Zotu5501,2,0,0,8.30E-28,1,7,-0.229415734,0
1034,Zotu252,1,0,0,3.42E-79,0,312,0,0
1035,Zotu18074,1,0,0,2.55E-46,0,25,-0.894427191,0
1036,Zotu610,1,0,0,4.41E-47,0,20,-0.894427191,0
1037,Zotu5284,1,0,0,3.42E-79,0,311,0,0
1038,Zotu18904,3,0,0,7.59E-24,1,48,0,0
1039,Zotu1074,1,0,0,3.42E-79,0,309,0,0
1040,Zotu1604,1,0,0,2.08E-29,0,53,-1.414213562,0
1041,Zotu576,1,0,0,3.42E-79,0,307,0,0
1042,Zotu168,4,91.5,295,4.27E-18,0.5,1,1.321315476,0
1043,Zotu2354,1,0,0,3.42E-79,0,321,0,0
1044,Zotu2945,1,0,0,3.42E-79,0,305,0,0
1045,Zotu804,3,41,113,2.10E-18,0.333333333,1,0.402139493,0
1046,Zotu213,1,0,0,4.32E-55,0,56,-1,0
1047,Zotu2557,1,0,0,1.61E-51,0,73,-0.577350269,0
1048,Zotu2823,1,0,0,1.11E-30,0,65,-1.75,0
1049,Zotu102,1,0,0,1.48E-30,0,3,-1.213559752,0
1050,Zotu2053,2,1,1,9.85E-62,0,129,0,0
1051,Zotu5012,2,0,0,2.84E-44,1,91,0,0
1052,Zotu76,5,223,546,3.74E-18,0.1,1,2.24049146,0
1053,Zotu124,1,0,0,9.85E-62,0,144,0,0
1054,Zotu1251,3,5,8,7.39E-26,0.333333333,49,0.474341649,0
1055,Zotu135,1,0,0,1.89E-44,0,22,-0.707106781,0
1056,Zotu489,3,0,0,1.53E-10,1,38,-0.058123819,0
1057,Zotu729,3,8,8,3.69E-37,0.333333333,14,1.322875656,0
1058,Zotu1630,2,0,0,2.84E-44,1,78,0,0
1059,Zotu332,3,8,8,6.96E-46,0,25,1.788854382,0
1060,Zotu123,2,2,2,7.00E-55,0,56,1,0
1061,Zotu554,2,4,4,6.09E-47,0,20,0.447213595,0
1062,Zotu1899,2,4,4,1.55E-49,0,30,0.707106781,0
1063,Zotu15827,1,0,0,3.42E-79,0,295,0,0
1064,Zotu408,1,0,0,3.42E-79,0,294,0,0
1065,Zotu214,1,0,0,3.42E-79,0,293,0,0
1066,Zotu16421,1,0,0,9.85E-62,0,145,0,0
1067,Zotu16333,1,0,0,3.42E-79,0,310,0,0
1068,Zotu18365,1,0,0,5.17E-34,0,5,-1.5,0
1069,Zotu12584,1,0,0,3.42E-79,0,291,0,0
1070,Zotu348,1,0,0,3.42E-79,0,318,0,0
1071,Zotu1450,3,0.5,1,9.21E-32,0.666666667,68,1,0
1072,Zotu2212,2,108,312,3.14E-19,0,1,-0.517036491,0
1073,Zotu5700,4,0.333333333,1,5.36E-14,0.833333333,39,0.816496581,0
1074,Zotu5643,1,0,0,3.42E-79,0,320,0,0
1075,Zotu44,1,0,0,3.42E-79,0,306,0,0
1076,Zotu1868,1,0,0,4.00E-20,0,1,-1.436212474,0
1077,Zotu112,4,86,122,7.20E-19,0.166666667,1,1.321315476,0
1078,Zotu954,1,0,0,3.42E-79,0,322,0,0
1079,Zotu2036,2,0,0,2.84E-44,1,94,0,0
1080,Zotu2569,2,3,3,1.61E-51,0,37,0.816496581,0
1081,Zotu1088,2,0,0,3.98E-39,1,26,0,0
