Source,Target,Label,inter,cor,p
753,520,1,pp,0.843434712,0.008503234
745,549,1,pp,0.857142857,0.006530017
721,31,1,pp,0.878310066,0.004103934
728,31,-1,np,-0.880952381,0.00385032
711,706,1,pp,0.853912564,0.006965288
749,28,1,pp,0.904761905,0.002008276
745,28,1,pp,0.880952381,0.00385032
729,673,1,pp,0.850314646,0.007471415
732,673,-1,np,-0.928571429,0.000862968
749,673,-1,np,-0.904761905,0.002008276
744,673,-1,np,-0.880952381,0.00385032
730,289,-1,np,-0.904761905,0.002008276
728,289,-1,np,-0.857142857,0.006530017
748,289,1,pp,0.963925385,0.000114214
755,289,-1,np,-0.928571429,0.000862968
740,289,-1,np,-0.952380952,0.0002604
745,289,-1,np,-0.857142857,0.006530017
754,289,1,pp,0.904761905,0.002008276
732,443,-1,np,-0.880952381,0.00385032
756,443,1,pp,0.843434712,0.008503234
745,443,-1,np,-0.928571429,0.000862968
729,8,1,pp,0.862290909,0.005872991
713,234,-1,np,-0.850314646,0.007471415
713,56,-1,np,-0.886243434,0.003373343
717,16,-1,np,-0.857142857,0.006530017
729,16,-1,np,-0.898219696,0.002438797
734,83,1,pp,0.928571429,0.000862968
714,83,1,pp,0.904761905,0.002008276
756,20,-1,np,-0.85548378,0.00675133
756,343,-1,np,-0.927778183,0.000891495
743,625,1,pp,0.915729116,0.001403174
732,136,1,pp,0.880952381,0.00385032
749,136,1,pp,0.857142857,0.006530017
744,136,1,pp,0.857142857,0.006530017
726,683,-1,np,-0.834748647,0.009929687
714,683,-1,np,-0.880952381,0.00385032
730,260,-1,np,-0.952380952,0.0002604
755,260,-1,np,-0.928571429,0.000862968
745,260,-1,np,-0.857142857,0.006530017
731,260,-1,np,-0.880952381,0.00385032
756,430,-1,np,-0.891630982,0.002928681
729,211,-1,np,-0.874267171,0.004512386
752,561,1,pp,0.868376055,0.005152949
732,23,1,pp,0.904761905,0.002008276
749,23,1,pp,0.880952381,0.00385032
716,21,-1,np,-0.850314646,0.007471415
736,659,1,pp,0.880952381,0.00385032
746,82,-1,np,-0.883851509,0.003583935
738,82,1,pp,0.834748647,0.009929687
714,437,-1,np,-0.857142857,0.006530017
729,11,1,pp,0.874267171,0.004512386
732,11,-1,np,-0.928571429,0.000862968
737,463,1,pp,0.934148484,0.000679106
713,352,-1,np,-0.946124747,0.000375312
746,352,-1,np,-0.847024363,0.007954271
711,352,1,pp,0.878310066,0.004103934
732,690,1,pp,0.880952381,0.00385032
734,139,1,pp,0.928571429,0.000862968
756,626,-1,np,-0.903680049,0.002075752
722,460,-1,np,-0.860748345,0.006065193
756,460,-1,np,-0.85548378,0.00675133
723,81,1,pp,0.904761905,0.002008276
722,127,1,pp,0.957734074,0.000182828
756,288,-1,np,-0.843434712,0.008503234
711,17,1,pp,0.951502571,0.000274893
735,474,1,pp,0.879581914,0.003980559
750,53,-1,np,-0.857142857,0.006530017
729,278,-1,np,-0.850314646,0.007471415
714,297,-1,np,-0.904761905,0.002008276
756,297,-1,np,-0.843434712,0.008503234
732,402,1,pp,0.880952381,0.00385032
753,261,1,pp,0.963925385,0.000114214
732,89,1,pp,0.928571429,0.000862968
753,478,-1,np,-0.891630982,0.002928681
726,193,1,pp,0.896127224,0.00258811
712,193,1,pp,0.874267171,0.004512386
748,193,1,pp,0.951876318,0.000268663
740,193,-1,np,-0.880952381,0.00385032
729,476,-1,np,-0.922172222,0.001110817
732,476,1,pp,0.857142857,0.006530017
750,26,-1,np,-0.880952381,0.00385032
749,140,1,pp,0.857142857,0.006530017
744,140,1,pp,0.904761905,0.002008276
732,513,1,pp,0.880952381,0.00385032
756,513,-1,np,-0.843434712,0.008503234
745,513,1,pp,0.928571429,0.000862968
732,180,1,pp,0.857142857,0.006530017
732,328,1,pp,0.904761905,0.002008276
716,405,-1,np,-0.850314646,0.007471415
719,330,-1,np,-0.874267171,0.004512386
717,666,1,pp,0.904761905,0.002008276
730,416,-1,np,-0.857142857,0.006530017
749,416,-1,np,-0.952380952,0.0002604
745,416,-1,np,-0.857142857,0.006530017
716,477,1,pp,0.850314646,0.007471415
728,226,-1,np,-0.880952381,0.00385032
745,226,-1,np,-0.904761905,0.002008276
750,90,-1,np,-0.904761905,0.002008276
741,677,-1,np,-0.843434712,0.008503234
721,594,-1,np,-0.853912564,0.006965288
728,223,-1,np,-0.880952381,0.00385032
745,223,-1,np,-0.904761905,0.002008276
737,610,-1,np,-0.838338383,0.009323116
732,126,-1,np,-0.928571429,0.000862968
744,126,-1,np,-0.904761905,0.002008276
738,685,-1,np,-0.883851509,0.003583935
721,496,-1,np,-0.853912564,0.006965288
736,496,1,pp,0.880952381,0.00385032
730,155,-1,np,-0.880952381,0.00385032
728,155,-1,np,-0.928571429,0.000862968
755,155,-1,np,-0.952380952,0.0002604
745,155,-1,np,-0.976190476,3.31E-05
731,155,-1,np,-0.857142857,0.006530017
729,622,1,pp,0.850314646,0.007471415
749,622,-1,np,-0.880952381,0.00385032
744,622,-1,np,-0.976190476,3.31E-05
716,591,1,pp,0.850314646,0.007471415
715,650,-1,np,-0.880952381,0.00385032
739,650,-1,np,-0.850314646,0.007471415
749,704,-1,np,-0.904761905,0.002008276
744,704,-1,np,-0.880952381,0.00385032
728,133,-1,np,-0.880952381,0.00385032
755,133,-1,np,-0.857142857,0.006530017
756,133,1,pp,0.891630982,0.002928681
745,133,-1,np,-0.976190476,3.31E-05
721,530,-1,np,-0.853912564,0.006965288
756,168,-1,np,-0.879581914,0.003980559
721,433,-1,np,-0.902707567,0.002137647
749,219,-1,np,-0.857142857,0.006530017
728,154,-1,np,-0.880952381,0.00385032
755,154,-1,np,-0.857142857,0.006530017
756,154,1,pp,0.915729116,0.001403174
745,154,-1,np,-0.928571429,0.000862968
728,340,-1,np,-0.880952381,0.00385032
755,340,-1,np,-0.857142857,0.006530017
756,340,1,pp,0.915729116,0.001403174
745,340,-1,np,-0.928571429,0.000862968
732,680,-1,np,-0.928571429,0.000862968
715,251,1,pp,0.904761905,0.002008276
752,251,-1,np,-0.855605819,0.00673489
750,345,-1,np,-0.857142857,0.006530017
750,347,-1,np,-0.904761905,0.002008276
724,638,-1,np,-0.904761905,0.002008276
732,412,1,pp,0.880952381,0.00385032
756,412,-1,np,-0.843434712,0.008503234
745,412,1,pp,0.928571429,0.000862968
734,108,1,pp,0.904761905,0.002008276
756,489,-1,np,-0.951876318,0.000268663
741,503,1,pp,0.891630982,0.002928681
744,703,-1,np,-0.904761905,0.002008276
733,495,-1,np,-0.838338383,0.009323116
722,500,1,pp,0.909241209,0.001744075
749,194,1,pp,0.904761905,0.002008276
739,582,1,pp,0.850314646,0.007471415
747,582,1,pp,0.976190476,3.31E-05
738,324,1,pp,0.871575794,0.004798257
714,596,-1,np,-0.880952381,0.00385032
732,526,1,pp,0.904761905,0.002008276
723,526,-1,np,-0.928571429,0.000862968
756,42,-1,np,-0.85548378,0.00675133
714,525,1,pp,0.880952381,0.00385032
750,191,-1,np,-0.880952381,0.00385032
756,191,-1,np,-0.867532847,0.005249136
729,272,-1,np,-0.898219696,0.002438797
750,662,-1,np,-0.880952381,0.00385032
726,315,1,pp,0.834748647,0.009929687
712,315,1,pp,0.898219696,0.002438797
748,315,1,pp,0.85548378,0.00675133
721,515,1,pp,0.853912564,0.006965288
726,341,-1,np,-0.945230086,0.000394052
712,341,-1,np,-0.898219696,0.002438797
748,341,-1,np,-0.879581914,0.003980559
756,319,-1,np,-0.85548378,0.00675133
749,700,1,pp,0.928571429,0.000862968
744,700,1,pp,0.928571429,0.000862968
732,643,-1,np,-0.857142857,0.006530017
722,643,1,pp,0.933487642,0.000699402
732,483,1,pp,0.904761905,0.002008276
723,44,-1,np,-0.904761905,0.002008276
730,544,-1,np,-0.880952381,0.00385032
755,544,-1,np,-0.928571429,0.000862968
732,600,1,pp,0.904761905,0.002008276
749,600,1,pp,0.880952381,0.00385032
712,493,1,pp,0.874267171,0.004512386
728,636,-1,np,-0.928571429,0.000862968
748,636,1,pp,0.915729116,0.001403174
740,636,-1,np,-0.880952381,0.00385032
756,636,1,pp,0.915729116,0.001403174
728,455,1,pp,0.857142857,0.006530017
749,517,1,pp,0.857142857,0.006530017
727,287,1,pp,0.878310066,0.004103934
711,287,-1,np,-0.902707567,0.002137647
756,19,1,pp,0.915729116,0.001403174
716,699,-1,np,-0.850314646,0.007471415
746,229,-1,np,-0.896127224,0.00258811
716,24,1,pp,0.886243434,0.003373343
756,504,-1,np,-0.915729116,0.001403174
735,551,1,pp,0.879581914,0.003980559
721,424,1,pp,0.853912564,0.006965288
728,424,-1,np,-0.857142857,0.006530017
748,424,1,pp,0.879581914,0.003980559
711,424,-1,np,-0.853912564,0.006965288
754,424,1,pp,0.880952381,0.00385032
755,164,-1,np,-0.857142857,0.006530017
748,461,1,pp,0.879581914,0.003980559
740,461,-1,np,-0.880952381,0.00385032
756,461,1,pp,0.843434712,0.008503234
728,422,1,pp,0.880952381,0.00385032
756,422,-1,np,-0.879581914,0.003980559
739,376,-1,np,-0.850314646,0.007471415
733,376,-1,np,-0.862290909,0.005872991
725,475,1,pp,0.98802352,4.26E-06
753,408,-1,np,-0.867532847,0.005249136
749,185,1,pp,0.952380952,0.0002604
744,185,1,pp,0.928571429,0.000862968
723,372,-1,np,-0.857142857,0.006530017
737,708,1,pp,0.898219696,0.002438797
721,309,-1,np,-0.878310066,0.004103934
737,224,-1,np,-0.946124747,0.000375312
729,590,-1,np,-0.922172222,0.001110817
732,590,1,pp,0.880952381,0.00385032
749,590,1,pp,0.880952381,0.00385032
744,590,1,pp,0.904761905,0.002008276
714,117,-1,np,-0.857142857,0.006530017
717,30,1,pp,0.904761905,0.002008276
734,30,1,pp,0.857142857,0.006530017
738,157,1,pp,0.90840294,0.001791685
740,609,-1,np,-0.857142857,0.006530017
754,609,1,pp,0.904761905,0.002008276
733,465,-1,np,-0.838338383,0.009323116
715,556,-1,np,-0.952380952,0.0002604
742,399,-1,np,-0.874267171,0.004512386
711,399,-1,np,-0.878310066,0.004103934
742,484,1,pp,0.898219696,0.002438797
753,484,-1,np,-0.98802352,4.26E-06
716,239,-1,np,-0.946124747,0.000375312
727,588,-1,np,-0.927105069,0.00091618
738,170,1,pp,0.871575794,0.004798257
720,205,1,pp,0.874267171,0.004512386
748,149,-1,np,-0.879581914,0.003980559
756,149,-1,np,-0.879581914,0.003980559
737,200,-1,np,-0.898219696,0.002438797
756,381,-1,np,-0.927778183,0.000891495
732,22,1,pp,0.880952381,0.00385032
756,562,1,pp,0.963925385,0.000114214
745,562,-1,np,-0.880952381,0.00385032
730,40,-1,np,-0.857142857,0.006530017
749,40,-1,np,-0.952380952,0.0002604
745,40,-1,np,-0.857142857,0.006530017
728,565,-1,np,-0.880952381,0.00385032
756,565,1,pp,0.951876318,0.000268663
745,565,-1,np,-0.904761905,0.002008276
713,310,1,pp,0.898219696,0.002438797
750,310,1,pp,0.857142857,0.006530017
711,310,-1,np,-0.902707567,0.002137647
751,456,1,pp,0.904761905,0.002008276
737,38,1,pp,0.898219696,0.002438797
716,693,-1,np,-0.898219696,0.002438797
728,307,1,pp,0.880952381,0.00385032
756,307,-1,np,-0.891630982,0.002928681
736,514,-1,np,-0.880952381,0.00385032
728,1,1,pp,0.928571429,0.000862968
756,1,-1,np,-0.843434712,0.008503234
735,96,-1,np,-0.843434712,0.008503234
753,96,1,pp,0.927778183,0.000891495
747,76,-1,np,-0.904761905,0.002008276
733,76,-1,np,-0.850314646,0.007471415
712,129,1,pp,0.838338383,0.009323116
729,618,-1,np,-0.946124747,0.000375312
735,482,-1,np,-0.843434712,0.008503234
728,365,-1,np,-0.880952381,0.00385032
755,365,-1,np,-0.857142857,0.006530017
756,365,1,pp,0.915729116,0.001403174
745,365,-1,np,-0.928571429,0.000862968
745,623,1,pp,0.857142857,0.006530017
722,674,1,pp,0.897117993,0.002516695
712,647,1,pp,0.886243434,0.003373343
751,303,-1,np,-0.880952381,0.00385032
749,575,1,pp,0.928571429,0.000862968
726,312,-1,np,-0.834748647,0.009929687
748,312,-1,np,-0.891630982,0.002928681
740,312,1,pp,0.880952381,0.00385032
734,592,1,pp,0.880952381,0.00385032
714,592,1,pp,0.880952381,0.00385032
728,231,-1,np,-0.857142857,0.006530017
756,176,-1,np,-0.843434712,0.008503234
756,440,-1,np,-0.927778183,0.000891495
714,58,-1,np,-0.880952381,0.00385032
753,107,-1,np,-0.843434712,0.008503234
712,597,1,pp,0.850314646,0.007471415
735,225,1,pp,0.891630982,0.002928681
729,47,-1,np,-0.910195959,0.001690861
729,33,-1,np,-0.898219696,0.002438797
735,255,1,pp,0.963925385,0.000114214
756,243,1,pp,0.843434712,0.008503234
737,283,-1,np,-0.886243434,0.003373343
737,581,1,pp,0.886243434,0.003373343
750,327,-1,np,-0.880952381,0.00385032
756,327,-1,np,-0.867532847,0.005249136
750,357,-1,np,-0.976190476,3.31E-05
733,357,-1,np,-0.838338383,0.009323116
736,593,-1,np,-0.857142857,0.006530017
738,358,-1,np,-0.945230086,0.000394052
729,377,-1,np,-0.850314646,0.007471415
730,348,1,pp,0.904761905,0.002008276
728,348,1,pp,0.976190476,3.31E-05
755,348,1,pp,0.904761905,0.002008276
740,348,1,pp,0.880952381,0.00385032
745,348,1,pp,0.857142857,0.006530017
735,206,1,pp,0.891630982,0.002928681
723,86,1,pp,0.857142857,0.006530017
729,318,-1,np,-0.898219696,0.002438797
728,571,1,pp,0.880952381,0.00385032
756,571,-1,np,-0.879581914,0.003980559
750,100,-1,np,-0.857142857,0.006530017
746,100,-1,np,-0.847024363,0.007954271
756,668,-1,np,-0.85548378,0.00675133
713,379,-1,np,-0.850314646,0.007471415
735,510,-1,np,-0.891630982,0.002928681
750,512,-1,np,-0.880952381,0.00385032
748,601,1,pp,0.903680049,0.002075752
755,601,-1,np,-0.928571429,0.000862968
740,601,-1,np,-0.857142857,0.006530017
711,332,-1,np,-0.853912564,0.006965288
756,118,1,pp,0.927778183,0.000891495
745,118,-1,np,-0.928571429,0.000862968
732,387,-1,np,-0.857142857,0.006530017
734,669,1,pp,0.880952381,0.00385032
749,151,-1,np,-0.976190476,3.31E-05
744,151,-1,np,-0.857142857,0.006530017
717,130,-1,np,-0.880952381,0.00385032
729,130,-1,np,-0.862290909,0.005872991
721,146,-1,np,-0.878310066,0.004103934
736,146,1,pp,0.857142857,0.006530017
750,640,-1,np,-0.904761905,0.002008276
756,640,-1,np,-0.867532847,0.005249136
752,692,1,pp,0.906686764,0.001891774
716,253,-1,np,-0.898219696,0.002438797
756,27,-1,np,-0.85548378,0.00675133
729,374,1,pp,0.850314646,0.007471415
756,119,-1,np,-0.85548378,0.00675133
728,435,-1,np,-0.904761905,0.002008276
748,435,1,pp,0.915729116,0.001403174
740,435,-1,np,-0.880952381,0.00385032
732,689,1,pp,0.904761905,0.002008276
749,689,1,pp,0.928571429,0.000862968
744,689,1,pp,0.928571429,0.000862968
722,657,1,pp,0.981980506,1.44E-05
732,628,1,pp,0.880952381,0.00385032
713,373,-1,np,-0.898219696,0.002438797
711,373,1,pp,0.902707567,0.002137647
751,533,1,pp,0.928571429,0.000862968
732,120,-1,np,-0.904761905,0.002008276
756,649,1,pp,0.85548378,0.00675133
745,649,-1,np,-0.880952381,0.00385032
713,603,-1,np,-0.898219696,0.002438797
711,603,1,pp,0.878310066,0.004103934
732,13,1,pp,0.880952381,0.00385032
756,13,-1,np,-0.843434712,0.008503234
745,13,1,pp,0.928571429,0.000862968
732,124,1,pp,0.857142857,0.006530017
756,124,-1,np,-0.85548378,0.00675133
744,396,1,pp,0.952380952,0.0002604
715,259,-1,np,-0.857142857,0.006530017
737,210,-1,np,-0.898219696,0.002438797
714,707,-1,np,-0.880952381,0.00385032
756,691,-1,np,-0.927778183,0.000891495
728,394,1,pp,0.880952381,0.00385032
756,394,-1,np,-0.879581914,0.003980559
742,527,1,pp,0.874267171,0.004512386
738,527,1,pp,0.871575794,0.004798257
749,160,1,pp,0.880952381,0.00385032
715,248,-1,np,-0.904761905,0.002008276
752,248,1,pp,0.868376055,0.005152949
732,548,-1,np,-0.928571429,0.000862968
722,548,1,pp,0.848625129,0.007716947
729,266,1,pp,0.934148484,0.000679106
749,128,1,pp,0.976190476,3.31E-05
745,128,1,pp,0.880952381,0.00385032
744,128,1,pp,0.880952381,0.00385032
712,506,-1,np,-0.910195959,0.001690861
713,159,1,pp,0.874267171,0.004512386
732,388,-1,np,-0.976190476,3.31E-05
722,469,1,pp,0.933487642,0.000699402
750,262,-1,np,-0.880952381,0.00385032
732,380,1,pp,0.904761905,0.002008276
756,380,-1,np,-0.879581914,0.003980559
753,265,1,pp,0.963925385,0.000114214
721,481,1,pp,0.927105069,0.00091618
737,103,1,pp,0.862290909,0.005872991
745,407,1,pp,0.880952381,0.00385032
745,36,1,pp,0.857142857,0.006530017
741,148,1,pp,0.85548378,0.00675133
713,114,-1,np,-0.910195959,0.001690861
746,114,-1,np,-0.847024363,0.007954271
732,439,1,pp,0.880952381,0.00385032
722,439,-1,np,-0.860748345,0.006065193
714,542,1,pp,0.928571429,0.000862968
738,676,-1,np,-0.834748647,0.009929687
728,208,1,pp,0.880952381,0.00385032
756,208,-1,np,-0.891630982,0.002928681
749,235,1,pp,0.904761905,0.002008276
748,664,1,pp,0.843434712,0.008503234
732,559,-1,np,-0.857142857,0.006530017
756,559,1,pp,0.951876318,0.000268663
745,559,-1,np,-0.904761905,0.002008276
730,651,-1,np,-0.904761905,0.002008276
755,651,-1,np,-0.857142857,0.006530017
749,651,-1,np,-0.928571429,0.000862968
745,651,-1,np,-0.880952381,0.00385032
744,651,-1,np,-0.857142857,0.006530017
750,522,-1,np,-0.880952381,0.00385032
756,522,-1,np,-0.85548378,0.00675133
752,59,1,pp,0.855605819,0.00673489
721,492,1,pp,0.902707567,0.002137647
715,492,-1,np,-0.857142857,0.006530017
713,390,-1,np,-0.838338383,0.009323116
750,390,-1,np,-0.904761905,0.002008276
750,371,-1,np,-0.857142857,0.006530017
756,371,-1,np,-0.903680049,0.002075752
752,490,1,pp,0.868376055,0.005152949
730,41,-1,np,-0.904761905,0.002008276
728,41,-1,np,-0.880952381,0.00385032
755,41,-1,np,-0.976190476,3.31E-05
745,41,-1,np,-0.952380952,0.0002604
721,25,-1,np,-0.878310066,0.004103934
736,25,1,pp,0.857142857,0.006530017
728,264,1,pp,0.880952381,0.00385032
756,264,-1,np,-0.891630982,0.002928681
728,161,1,pp,0.928571429,0.000862968
755,161,1,pp,0.904761905,0.002008276
745,161,1,pp,0.880952381,0.00385032
717,71,1,pp,0.880952381,0.00385032
734,71,1,pp,0.880952381,0.00385032
719,216,-1,np,-0.850314646,0.007471415
721,302,-1,np,-0.927105069,0.00091618
750,169,-1,np,-0.880952381,0.00385032
712,18,-1,np,-0.838338383,0.009323116
732,553,-1,np,-0.904761905,0.002008276
732,282,-1,np,-0.928571429,0.000862968
756,282,1,pp,0.879581914,0.003980559
726,152,-1,np,-0.834748647,0.009929687
714,152,-1,np,-0.904761905,0.002008276
730,479,1,pp,0.880952381,0.00385032
728,479,1,pp,0.928571429,0.000862968
755,479,1,pp,0.952380952,0.0002604
745,479,1,pp,0.976190476,3.31E-05
731,479,1,pp,0.857142857,0.006530017
750,144,-1,np,-0.880952381,0.00385032
756,144,-1,np,-0.867532847,0.005249136
756,589,1,pp,0.963925385,0.000114214
732,325,-1,np,-0.904761905,0.002008276
732,501,-1,np,-0.904761905,0.002008276
756,501,1,pp,0.891630982,0.002928681
745,501,-1,np,-0.857142857,0.006530017
725,491,-1,np,-0.903680049,0.002075752
749,43,-1,np,-0.857142857,0.006530017
744,43,-1,np,-0.904761905,0.002008276
733,244,-1,np,-0.95810101,0.000178157
713,171,-1,np,-0.850314646,0.007471415
711,171,1,pp,0.951502571,0.000274893
735,671,-1,np,-0.843434712,0.008503234
750,606,-1,np,-0.880952381,0.00385032
717,85,1,pp,0.928571429,0.000862968
729,85,1,pp,0.886243434,0.003373343
726,631,-1,np,-0.834748647,0.009929687
748,631,-1,np,-0.963925385,0.000114214
755,631,1,pp,0.904761905,0.002008276
740,631,1,pp,0.904761905,0.002008276
722,534,1,pp,0.933487642,0.000699402
717,280,1,pp,0.857142857,0.006530017
712,301,1,pp,0.838338383,0.009323116
728,5,1,pp,0.904761905,0.002008276
756,5,-1,np,-0.951876318,0.000268663
745,5,1,pp,0.880952381,0.00385032
722,54,-1,np,-0.933487642,0.000699402
725,54,-1,np,-0.891630982,0.002928681
742,421,1,pp,0.838338383,0.009323116
753,421,-1,np,-0.843434712,0.008503234
756,585,-1,np,-0.843434712,0.008503234
750,434,-1,np,-0.904761905,0.002008276
756,434,-1,np,-0.867532847,0.005249136
715,485,-1,np,-0.880952381,0.00385032
748,539,1,pp,0.843434712,0.008503234
756,539,1,pp,0.927778183,0.000891495
742,687,1,pp,0.838338383,0.009323116
711,687,1,pp,0.878310066,0.004103934
729,569,-1,np,-0.934148484,0.000679106
716,595,1,pp,0.922172222,0.001110817
732,621,1,pp,0.904761905,0.002008276
723,621,-1,np,-0.880952381,0.00385032
750,175,-1,np,-0.857142857,0.006530017
731,214,1,pp,0.857142857,0.006530017
743,214,-1,np,-0.867532847,0.005249136
750,317,1,pp,0.857142857,0.006530017
756,317,1,pp,0.903680049,0.002075752
729,629,-1,np,-0.850314646,0.007471415
732,629,1,pp,0.880952381,0.00385032
748,607,1,pp,0.843434712,0.008503234
716,145,1,pp,0.862290909,0.005872991
730,457,-1,np,-0.880952381,0.00385032
755,457,-1,np,-0.928571429,0.000862968
745,457,-1,np,-0.928571429,0.000862968
731,457,-1,np,-0.904761905,0.002008276
730,238,-1,np,-0.857142857,0.006530017
728,238,-1,np,-0.857142857,0.006530017
755,238,-1,np,-0.857142857,0.006530017
749,238,-1,np,-0.857142857,0.006530017
745,238,-1,np,-0.976190476,3.31E-05
731,238,-1,np,-0.857142857,0.006530017
719,535,-1,np,-0.850314646,0.007471415
750,688,1,pp,0.857142857,0.006530017
756,688,1,pp,0.879581914,0.003980559
746,688,1,pp,0.834748647,0.009929687
729,450,1,pp,0.838338383,0.009323116
749,450,-1,np,-0.904761905,0.002008276
744,450,-1,np,-0.880952381,0.00385032
732,654,-1,np,-0.976190476,3.31E-05
756,654,1,pp,0.843434712,0.008503234
733,147,1,pp,0.838338383,0.009323116
750,386,1,pp,0.880952381,0.00385032
756,428,1,pp,0.98802352,4.26E-06
726,70,1,pp,0.834748647,0.009929687
748,70,1,pp,0.891630982,0.002928681
740,70,-1,np,-0.880952381,0.00385032
739,486,-1,np,-0.862290909,0.005872991
722,678,-1,np,-0.860748345,0.006065193
756,61,1,pp,0.843434712,0.008503234
750,432,1,pp,0.928571429,0.000862968
732,661,-1,np,-0.928571429,0.000862968
756,661,1,pp,0.915729116,0.001403174
729,576,-1,np,-0.850314646,0.007471415
746,370,-1,np,-0.871575794,0.004798257
732,346,-1,np,-0.857142857,0.006530017
756,346,1,pp,0.85548378,0.00675133
729,111,1,pp,0.838338383,0.009323116
751,111,1,pp,0.880952381,0.00385032
732,220,-1,np,-0.928571429,0.000862968
734,320,1,pp,0.928571429,0.000862968
712,138,1,pp,0.874267171,0.004512386
713,45,1,pp,0.838338383,0.009323116
734,611,1,pp,0.857142857,0.006530017
728,242,-1,np,-0.857142857,0.006530017
756,198,-1,np,-0.98802352,4.26E-06
745,198,1,pp,0.857142857,0.006530017
726,354,1,pp,0.883851509,0.003583935
712,354,1,pp,0.922172222,0.001110817
722,271,-1,np,-0.836501913,0.009630399
729,50,-1,np,-0.850314646,0.007471415
732,50,1,pp,0.880952381,0.00385032
727,337,1,pp,0.951502571,0.000274893
711,378,-1,np,-0.902707567,0.002137647
743,322,-1,np,-0.891630982,0.002928681
756,605,-1,np,-0.927778183,0.000891495
729,333,-1,np,-0.922172222,0.001110817
746,695,-1,np,-0.969781517,6.74E-05
756,270,1,pp,0.891630982,0.002928681
745,270,-1,np,-0.857142857,0.006530017
749,137,1,pp,0.928571429,0.000862968
736,598,-1,np,-0.952380952,0.0002604
743,99,-1,np,-0.867532847,0.005249136
737,228,1,pp,0.898219696,0.002438797
735,218,1,pp,0.843434712,0.008503234
729,230,-1,np,-0.874267171,0.004512386
732,230,1,pp,0.928571429,0.000862968
728,233,1,pp,0.880952381,0.00385032
745,233,1,pp,0.857142857,0.006530017
742,360,1,pp,0.850314646,0.007471415
741,602,-1,np,-0.85548378,0.00675133
737,584,1,pp,0.874267171,0.004512386
720,670,1,pp,0.862290909,0.005872991
723,670,1,pp,0.880952381,0.00385032
748,326,-1,np,-0.879581914,0.003980559
756,326,-1,np,-0.879581914,0.003980559
732,273,1,pp,0.904761905,0.002008276
756,273,-1,np,-0.879581914,0.003980559
729,389,1,pp,0.850314646,0.007471415
722,389,1,pp,0.860748345,0.006065193
728,384,-1,np,-0.928571429,0.000862968
748,384,1,pp,0.891630982,0.002928681
740,384,-1,np,-0.904761905,0.002008276
756,267,-1,np,-0.915729116,0.001403174
733,578,-1,np,-0.862290909,0.005872991
755,256,-1,np,-0.904761905,0.002008276
732,249,-1,np,-0.880952381,0.00385032
728,415,-1,np,-0.880952381,0.00385032
756,415,1,pp,0.951876318,0.000268663
745,415,-1,np,-0.904761905,0.002008276
739,88,1,pp,0.850314646,0.007471415
724,88,1,pp,0.857142857,0.006530017
733,88,1,pp,0.910195959,0.001690861
729,557,-1,np,-0.922172222,0.001110817
732,557,1,pp,0.904761905,0.002008276
749,295,-1,np,-0.857142857,0.006530017
728,313,1,pp,0.904761905,0.002008276
748,579,-1,np,-0.843434712,0.008503234
756,579,-1,np,-0.891630982,0.002928681
711,579,1,pp,0.853912564,0.006965288
756,87,-1,np,-0.903680049,0.002075752
722,6,1,pp,0.836501913,0.009630399
745,6,-1,np,-0.857142857,0.006530017
731,6,-1,np,-0.880952381,0.00385032
756,105,-1,np,-0.85548378,0.00675133
738,66,1,pp,0.834748647,0.009929687
732,37,1,pp,0.880952381,0.00385032
716,106,1,pp,0.874267171,0.004512386
711,323,-1,np,-0.853912564,0.006965288
753,131,-1,np,-0.891630982,0.002928681
712,364,1,pp,0.850314646,0.007471415
740,364,-1,np,-0.857142857,0.006530017
756,269,-1,np,-0.843434712,0.008503234
756,488,-1,np,-0.879581914,0.003980559
729,634,-1,np,-0.898219696,0.002438797
716,97,-1,np,-0.838338383,0.009323116
729,350,-1,np,-0.850314646,0.007471415
756,467,-1,np,-0.85548378,0.00675133
713,521,-1,np,-0.850314646,0.007471415
750,521,-1,np,-0.880952381,0.00385032
717,511,1,pp,0.880952381,0.00385032
729,511,1,pp,0.862290909,0.005872991
736,409,-1,np,-0.904761905,0.002008276
748,710,-1,np,-0.843434712,0.008503234
711,710,1,pp,0.927105069,0.00091618
754,710,-1,np,-0.904761905,0.002008276
751,14,1,pp,0.904761905,0.002008276
732,279,1,pp,0.880952381,0.00385032
756,91,-1,np,-0.843434712,0.008503234
733,672,1,pp,0.838338383,0.009323116
742,406,-1,np,-0.874267171,0.004512386
711,406,-1,np,-0.878310066,0.004103934
756,635,1,pp,0.927778183,0.000891495
728,254,1,pp,0.880952381,0.00385032
755,254,1,pp,0.880952381,0.00385032
745,254,1,pp,0.904761905,0.002008276
734,566,-1,np,-0.880952381,0.00385032
733,620,-1,np,-0.850314646,0.007471415
737,583,1,pp,0.898219696,0.002438797
750,441,-1,np,-0.857142857,0.006530017
756,441,-1,np,-0.879581914,0.003980559
746,441,-1,np,-0.834748647,0.009929687
711,438,1,pp,0.927105069,0.00091618
754,438,-1,np,-0.857142857,0.006530017
746,665,-1,np,-0.847024363,0.007954271
749,462,-1,np,-0.857142857,0.006530017
745,94,1,pp,0.857142857,0.006530017
732,555,1,pp,0.857142857,0.006530017
749,555,1,pp,0.928571429,0.000862968
745,555,1,pp,0.904761905,0.002008276
744,555,1,pp,0.857142857,0.006530017
748,449,1,pp,0.843434712,0.008503234
738,524,1,pp,0.871575794,0.004798257
726,69,1,pp,0.90840294,0.001791685
727,69,1,pp,0.902707567,0.002137647
732,698,-1,np,-0.904761905,0.002008276
726,446,1,pp,0.834748647,0.009929687
714,446,1,pp,0.857142857,0.006530017
728,143,-1,np,-0.928571429,0.000862968
755,143,-1,np,-0.904761905,0.002008276
745,143,-1,np,-0.880952381,0.00385032
756,39,-1,np,-0.843434712,0.008503234
714,257,1,pp,0.904761905,0.002008276
732,531,1,pp,0.952380952,0.0002604
745,531,1,pp,0.857142857,0.006530017
728,9,1,pp,0.880952381,0.00385032
756,9,-1,np,-0.879581914,0.003980559
748,507,1,pp,0.85548378,0.00675133
756,507,1,pp,0.98802352,4.26E-06
734,349,1,pp,0.857142857,0.006530017
723,426,1,pp,0.904761905,0.002008276
732,213,1,pp,0.904761905,0.002008276
729,624,1,pp,0.946124747,0.000375312
729,123,1,pp,0.862290909,0.005872991
732,29,1,pp,0.904761905,0.002008276
749,29,1,pp,0.880952381,0.00385032
751,308,-1,np,-0.928571429,0.000862968
732,509,1,pp,0.904761905,0.002008276
756,509,-1,np,-0.843434712,0.008503234
721,540,1,pp,0.853912564,0.006965288
717,646,-1,np,-0.880952381,0.00385032
717,414,-1,np,-0.857142857,0.006530017
729,414,-1,np,-0.898219696,0.002438797
737,538,1,pp,0.838338383,0.009323116
712,221,1,pp,0.898219696,0.002438797
752,656,1,pp,0.906686764,0.001891774
737,608,-1,np,-0.838338383,0.009323116
754,98,1,pp,0.904761905,0.002008276
748,705,1,pp,0.843434712,0.008503234
712,644,1,pp,0.910195959,0.001690861
748,696,1,pp,0.843434712,0.008503234
715,7,-1,np,-0.952380952,0.0002604
745,658,-1,np,-0.952380952,0.0002604
731,658,-1,np,-0.904761905,0.002008276
721,403,-1,np,-0.927105069,0.00091618
726,80,1,pp,0.883851509,0.003583935
712,80,1,pp,0.994029797,5.30E-07
736,675,-1,np,-0.904761905,0.002008276
748,667,1,pp,0.879581914,0.003980559
740,667,-1,np,-0.857142857,0.006530017
748,209,1,pp,0.843434712,0.008503234
755,209,-1,np,-0.880952381,0.00385032
732,204,1,pp,0.952380952,0.0002604
750,132,1,pp,0.857142857,0.006530017
756,132,1,pp,0.879581914,0.003980559
746,132,1,pp,0.834748647,0.009929687
728,423,-1,np,-0.857142857,0.006530017
732,181,-1,np,-0.928571429,0.000862968
756,181,1,pp,0.879581914,0.003980559
750,366,-1,np,-0.857142857,0.006530017
746,366,-1,np,-0.834748647,0.009929687
748,294,1,pp,0.843434712,0.008503234
756,232,1,pp,0.915729116,0.001403174
737,398,-1,np,-0.898219696,0.002438797
729,293,-1,np,-0.898219696,0.002438797
732,293,1,pp,0.928571429,0.000862968
744,293,1,pp,0.857142857,0.006530017
713,452,-1,np,-0.850314646,0.007471415
721,314,-1,np,-0.853912564,0.006965288
727,497,1,pp,0.853912564,0.006965288
713,189,1,pp,0.898219696,0.002438797
711,189,-1,np,-0.927105069,0.00091618
711,55,1,pp,0.927105069,0.00091618
734,564,1,pp,0.952380952,0.0002604
712,240,1,pp,0.886243434,0.003373343
734,471,1,pp,0.880952381,0.00385032
716,241,1,pp,0.922172222,0.001110817
750,291,-1,np,-0.880952381,0.00385032
756,291,-1,np,-0.879581914,0.003980559
746,291,-1,np,-0.834748647,0.009929687
732,615,-1,np,-0.857142857,0.006530017
756,615,1,pp,0.85548378,0.00675133
716,64,1,pp,0.874267171,0.004512386
728,104,-1,np,-0.904761905,0.002008276
755,104,-1,np,-0.880952381,0.00385032
756,104,1,pp,0.891630982,0.002928681
745,104,-1,np,-0.952380952,0.0002604
728,420,-1,np,-0.880952381,0.00385032
756,420,1,pp,0.879581914,0.003980559
756,560,1,pp,0.927778183,0.000891495
749,12,-1,np,-0.904761905,0.002008276
744,12,-1,np,-0.928571429,0.000862968
742,158,-1,np,-0.838338383,0.009323116
737,110,1,pp,0.850314646,0.007471415
734,574,-1,np,-0.952380952,0.0002604
714,574,-1,np,-0.880952381,0.00385032
729,383,-1,np,-0.862290909,0.005872991
748,227,-1,np,-0.843434712,0.008503234
746,172,-1,np,-0.896127224,0.00258811
715,186,-1,np,-0.976190476,3.31E-05
750,246,1,pp,0.857142857,0.006530017
756,57,-1,np,-0.915729116,0.001403174
734,281,-1,np,-0.880952381,0.00385032
714,281,-1,np,-0.857142857,0.006530017
721,616,1,pp,0.853912564,0.006965288
728,616,-1,np,-0.904761905,0.002008276
749,300,1,pp,0.857142857,0.006530017
734,10,-1,np,-0.857142857,0.006530017
732,567,1,pp,0.904761905,0.002008276
713,336,-1,np,-0.850314646,0.007471415
750,336,-1,np,-0.880952381,0.00385032
737,15,-1,np,-0.862290909,0.005872991
721,153,-1,np,-0.927105069,0.00091618
728,466,1,pp,0.904761905,0.002008276
729,573,-1,np,-0.874267171,0.004512386
713,77,1,pp,0.922172222,0.001110817
750,77,1,pp,0.976190476,3.31E-05
711,580,1,pp,0.853912564,0.006965288
729,518,-1,np,-0.994029797,5.30E-07
753,375,-1,np,-0.867532847,0.005249136
756,167,-1,np,-0.879581914,0.003980559
711,429,1,pp,0.975900073,3.44E-05
754,429,-1,np,-0.857142857,0.006530017
756,652,1,pp,0.927778183,0.000891495
728,653,-1,np,-0.880952381,0.00385032
755,653,-1,np,-0.857142857,0.006530017
750,187,-1,np,-0.857142857,0.006530017
721,78,-1,np,-0.853912564,0.006965288
723,385,1,pp,0.904761905,0.002008276
756,49,-1,np,-0.85548378,0.00675133
716,165,-1,np,-0.838338383,0.009323116
731,306,1,pp,0.880952381,0.00385032
756,48,1,pp,0.843434712,0.008503234
744,236,1,pp,0.857142857,0.006530017
754,93,1,pp,0.857142857,0.006530017
745,356,1,pp,0.857142857,0.006530017
745,296,1,pp,0.880952381,0.00385032
732,363,1,pp,0.857142857,0.006530017
749,363,1,pp,0.928571429,0.000862968
745,363,1,pp,0.904761905,0.002008276
744,363,1,pp,0.857142857,0.006530017
732,697,1,pp,0.857142857,0.006530017
745,697,1,pp,0.880952381,0.00385032
756,709,-1,np,-0.85548378,0.00675133
729,494,-1,np,-0.994029797,5.30E-07
739,183,1,pp,0.934148484,0.000679106
724,183,1,pp,0.952380952,0.0002604
747,183,1,pp,0.904761905,0.002008276
732,436,1,pp,0.880952381,0.00385032
716,604,-1,np,-0.898219696,0.002438797
742,604,1,pp,0.838338383,0.009323116
729,498,-1,np,-0.874267171,0.004512386
713,516,-1,np,-0.874267171,0.004512386
746,516,-1,np,-0.847024363,0.007954271
750,166,-1,np,-0.880952381,0.00385032
743,701,1,pp,0.843434712,0.008503234
717,442,1,pp,0.857142857,0.006530017
716,334,-1,np,-0.994029797,5.30E-07
733,217,-1,np,-0.850314646,0.007471415
741,65,1,pp,0.879581914,0.003980559
756,196,1,pp,0.927778183,0.000891495
745,563,-1,np,-0.880952381,0.00385032
731,563,-1,np,-0.880952381,0.00385032
721,418,1,pp,0.853912564,0.006965288
739,335,1,pp,0.838338383,0.009323116
729,321,-1,np,-0.874267171,0.004512386
726,51,1,pp,0.945230086,0.000394052
727,51,1,pp,0.853912564,0.006965288
748,51,1,pp,0.915729116,0.001403174
756,51,1,pp,0.85548378,0.00675133
727,397,1,pp,0.878310066,0.004103934
735,290,1,pp,0.951876318,0.000268663
719,290,-1,np,-0.838338383,0.009323116
750,419,-1,np,-0.857142857,0.006530017
726,298,-1,np,-0.896127224,0.00258811
748,298,-1,np,-0.915729116,0.001403174
756,298,-1,np,-0.843434712,0.008503234
713,60,-1,np,-0.898219696,0.002438797
711,60,1,pp,0.878310066,0.004103934
718,473,1,pp,0.904761905,0.002008276
737,215,1,pp,0.862290909,0.005872991
711,215,-1,np,-0.853912564,0.006965288
745,632,-1,np,-0.857142857,0.006530017
731,632,-1,np,-0.857142857,0.006530017
713,112,-1,np,-0.898219696,0.002438797
750,112,-1,np,-0.976190476,3.31E-05
750,541,-1,np,-0.904761905,0.002008276
729,444,-1,np,-0.922172222,0.001110817
756,570,-1,np,-0.85548378,0.00675133
736,179,-1,np,-0.857142857,0.006530017
749,4,1,pp,0.880952381,0.00385032
713,642,-1,np,-0.898219696,0.002438797
750,642,-1,np,-0.976190476,3.31E-05
716,499,1,pp,0.898219696,0.002438797
721,554,1,pp,0.878310066,0.004103934
711,554,-1,np,-0.853912564,0.006965288
738,177,-1,np,-0.834748647,0.009929687
711,395,-1,np,-0.853912564,0.006965288
713,122,1,pp,0.874267171,0.004512386
728,122,-1,np,-0.857142857,0.006530017
711,122,-1,np,-0.902707567,0.002137647
745,619,-1,np,-0.904761905,0.002008276
714,250,1,pp,0.880952381,0.00385032
713,163,-1,np,-0.898219696,0.002438797
711,163,1,pp,0.878310066,0.004103934
728,156,1,pp,0.857142857,0.006530017
756,156,-1,np,-0.843434712,0.008503234
745,156,1,pp,0.880952381,0.00385032
756,453,1,pp,0.85548378,0.00675133
745,453,-1,np,-0.904761905,0.002008276
724,316,-1,np,-0.928571429,0.000862968
716,95,-1,np,-0.934148484,0.000679106
730,681,1,pp,0.880952381,0.00385032
748,681,-1,np,-0.843434712,0.008503234
755,681,1,pp,0.928571429,0.000862968
745,681,1,pp,0.952380952,0.0002604
756,35,-1,np,-0.867532847,0.005249136
756,268,1,pp,0.891630982,0.002928681
717,505,-1,np,-0.928571429,0.000862968
734,505,-1,np,-0.904761905,0.002008276
716,292,1,pp,0.838338383,0.009323116
756,258,1,pp,0.85548378,0.00675133
750,162,1,pp,0.857142857,0.006530017
737,202,1,pp,0.874267171,0.004512386
721,480,1,pp,0.853912564,0.006965288
715,480,-1,np,-0.904761905,0.002008276
752,480,1,pp,0.855605819,0.00673489
717,135,-1,np,-0.976190476,3.31E-05
734,135,-1,np,-0.857142857,0.006530017
732,587,1,pp,0.952380952,0.0002604
728,617,-1,np,-0.880952381,0.00385032
755,617,-1,np,-0.857142857,0.006530017
756,617,1,pp,0.915729116,0.001403174
745,617,-1,np,-0.928571429,0.000862968
723,684,-1,np,-0.857142857,0.006530017
716,599,1,pp,0.838338383,0.009323116
756,150,-1,np,-0.843434712,0.008503234
756,404,-1,np,-0.843434712,0.008503234
750,702,-1,np,-0.857142857,0.006530017
737,75,-1,np,-0.874267171,0.004512386
721,184,-1,np,-0.853912564,0.006965288
726,84,1,pp,0.834748647,0.009929687
750,284,-1,np,-0.857142857,0.006530017
713,134,-1,np,-0.862290909,0.005872991
732,342,1,pp,0.857142857,0.006530017
738,207,-1,np,-0.871575794,0.004798257
734,355,-1,np,-0.880952381,0.00385032
714,355,-1,np,-0.857142857,0.006530017
713,660,1,pp,0.838338383,0.009323116
711,660,-1,np,-0.853912564,0.006965288
722,532,1,pp,0.909241209,0.001744075
729,182,-1,np,-0.862290909,0.005872991
751,182,-1,np,-0.904761905,0.002008276
739,121,1,pp,0.898219696,0.002438797
721,630,-1,np,-0.853912564,0.006965288
728,630,1,pp,0.857142857,0.006530017
756,633,1,pp,0.85548378,0.00675133
756,413,-1,np,-0.951876318,0.000268663
751,79,-1,np,-0.904761905,0.002008276
749,502,1,pp,0.928571429,0.000862968
744,502,1,pp,0.904761905,0.002008276
728,52,1,pp,0.904761905,0.002008276
748,52,-1,np,-0.915729116,0.001403174
740,52,1,pp,0.904761905,0.002008276
756,52,-1,np,-0.915729116,0.001403174
726,101,1,pp,0.896127224,0.00258811
748,101,1,pp,0.879581914,0.003980559
716,304,1,pp,0.838338383,0.009323116
756,612,1,pp,0.85548378,0.00675133
746,612,1,pp,0.896127224,0.00258811
753,197,1,pp,0.85548378,0.00675133
737,613,1,pp,0.898219696,0.002438797
729,543,-1,np,-0.838338383,0.009323116
732,543,1,pp,0.857142857,0.006530017
732,32,1,pp,0.952380952,0.0002604
749,32,1,pp,0.857142857,0.006530017
744,32,1,pp,0.880952381,0.00385032
716,528,1,pp,0.838338383,0.009323116
729,142,-1,np,-0.850314646,0.007471415
729,445,-1,np,-0.934148484,0.000679106
752,392,1,pp,0.855605819,0.00673489
756,305,-1,np,-0.867532847,0.005249136
716,173,1,pp,0.970077272,6.55E-05
742,679,-1,np,-0.910195959,0.001690861
753,679,1,pp,0.915729116,0.001403174
728,276,1,pp,0.857142857,0.006530017
756,276,-1,np,-0.879581914,0.003980559
746,276,-1,np,-0.871575794,0.004798257
745,276,1,pp,0.857142857,0.006530017
737,263,1,pp,0.934148484,0.000679106
749,431,-1,np,-0.880952381,0.00385032
732,367,-1,np,-0.976190476,3.31E-05
732,311,-1,np,-0.928571429,0.000862968
756,311,1,pp,0.879581914,0.003980559
737,188,1,pp,0.862290909,0.005872991
756,344,1,pp,0.85548378,0.00675133
745,344,-1,np,-0.880952381,0.00385032
732,73,1,pp,0.880952381,0.00385032
730,641,-1,np,-0.880952381,0.00385032
728,641,-1,np,-0.952380952,0.0002604
748,641,1,pp,0.867532847,0.005249136
755,641,-1,np,-0.952380952,0.0002604
740,641,-1,np,-0.857142857,0.006530017
745,641,-1,np,-0.928571429,0.000862968
732,464,1,pp,0.952380952,0.0002604
745,464,1,pp,0.857142857,0.006530017
717,252,-1,np,-0.976190476,3.31E-05
756,3,-1,np,-0.903680049,0.002075752
720,201,1,pp,0.850314646,0.007471415
723,201,1,pp,0.904761905,0.002008276
721,547,-1,np,-0.853912564,0.006965288
736,547,1,pp,0.857142857,0.006530017
756,639,-1,np,-0.891630982,0.002928681
732,141,-1,np,-0.880952381,0.00385032
723,141,1,pp,0.976190476,3.31E-05
737,237,1,pp,0.850314646,0.007471415
737,109,1,pp,0.850314646,0.007471415
737,411,1,pp,0.922172222,0.001110817
713,125,-1,np,-0.922172222,0.001110817
750,125,-1,np,-0.952380952,0.0002604
728,427,1,pp,0.928571429,0.000862968
755,427,1,pp,0.904761905,0.002008276
745,427,1,pp,0.880952381,0.00385032
729,92,-1,np,-0.898219696,0.002438797
748,637,1,pp,0.843434712,0.008503234
722,331,1,pp,0.957734074,0.000182828
756,199,1,pp,0.927778183,0.000891495
735,115,1,pp,0.843434712,0.008503234
714,115,-1,np,-0.880952381,0.00385032
747,368,1,pp,0.857142857,0.006530017
738,277,1,pp,0.871575794,0.004798257
756,351,-1,np,-0.915729116,0.001403174
745,351,1,pp,0.880952381,0.00385032
732,550,-1,np,-0.857142857,0.006530017
722,550,1,pp,0.933487642,0.000699402
750,353,-1,np,-0.928571429,0.000862968
713,648,-1,np,-0.838338383,0.009323116
750,648,-1,np,-0.904761905,0.002008276
746,648,-1,np,-0.847024363,0.007954271
722,537,1,pp,0.897117993,0.002516695
729,286,1,pp,0.898219696,0.002438797
728,447,-1,np,-0.857142857,0.006530017
746,447,1,pp,0.896127224,0.00258811
756,546,-1,np,-0.843434712,0.008503234
713,62,-1,np,-0.970077272,6.55E-05
750,62,-1,np,-0.857142857,0.006530017
711,62,1,pp,0.878310066,0.004103934
729,329,-1,np,-0.862290909,0.005872991
732,329,1,pp,0.904761905,0.002008276
744,329,1,pp,0.904761905,0.002008276
756,382,-1,np,-0.85548378,0.00675133
728,68,1,pp,0.904761905,0.002008276
746,68,-1,np,-0.896127224,0.00258811
743,393,1,pp,0.879581914,0.003980559
711,686,-1,np,-0.853912564,0.006965288
723,523,1,pp,0.880952381,0.00385032
721,568,1,pp,0.878310066,0.004103934
715,568,-1,np,-0.857142857,0.006530017
738,369,-1,np,-0.896127224,0.00258811
728,451,1,pp,0.880952381,0.00385032
756,451,-1,np,-0.843434712,0.008503234
745,451,1,pp,0.857142857,0.006530017
732,212,-1,np,-0.880952381,0.00385032
717,663,1,pp,0.880952381,0.00385032
729,663,1,pp,0.922172222,0.001110817
732,663,-1,np,-0.857142857,0.006530017
717,400,1,pp,0.857142857,0.006530017
749,468,1,pp,0.857142857,0.006530017
729,34,-1,np,-0.970077272,6.55E-05
717,339,1,pp,0.904761905,0.002008276
734,339,1,pp,0.904761905,0.002008276
711,458,-1,np,-0.975900073,3.44E-05
754,458,1,pp,0.880952381,0.00385032
737,536,-1,np,-0.850314646,0.007471415
732,454,-1,np,-0.904761905,0.002008276
756,454,1,pp,0.891630982,0.002928681
745,454,-1,np,-0.857142857,0.006530017
723,274,-1,np,-0.976190476,3.31E-05
752,459,1,pp,0.932227236,0.000739205
713,572,-1,np,-0.850314646,0.007471415
750,222,-1,np,-0.857142857,0.006530017
746,222,-1,np,-0.834748647,0.009929687
715,285,-1,np,-0.857142857,0.006530017
752,285,1,pp,0.868376055,0.005152949
732,203,1,pp,0.928571429,0.000862968
736,558,-1,np,-0.857142857,0.006530017
732,586,1,pp,0.928571429,0.000862968
722,586,-1,np,-0.848625129,0.007716947
742,508,1,pp,0.898219696,0.002438797
753,508,-1,np,-0.879581914,0.003980559
711,361,-1,np,-0.902707567,0.002137647
756,195,1,pp,0.891630982,0.002928681
745,195,-1,np,-0.857142857,0.006530017
732,545,-1,np,-0.904761905,0.002008276
756,627,1,pp,0.951876318,0.000268663
745,627,-1,np,-0.880952381,0.00385032
735,472,-1,np,-0.85548378,0.00675133
753,472,1,pp,0.843434712,0.008503234
735,46,1,pp,0.951876318,0.000268663
719,46,-1,np,-0.838338383,0.009323116
733,410,1,pp,0.862290909,0.005872991
746,174,-1,np,-0.834748647,0.009929687
735,63,1,pp,0.85548378,0.00675133
714,63,-1,np,-0.928571429,0.000862968
712,2,1,pp,0.838338383,0.009323116
738,529,1,pp,0.834748647,0.009929687
737,67,-1,np,-0.946124747,0.000375312
721,614,-1,np,-0.853912564,0.006965288
715,338,-1,np,-0.904761905,0.002008276
715,299,-1,np,-0.857142857,0.006530017
735,247,1,pp,0.891630982,0.002928681
733,74,1,pp,0.946124747,0.000375312
729,391,-1,np,-0.922172222,0.001110817
750,487,-1,np,-0.880952381,0.00385032
742,417,1,pp,0.874267171,0.004512386
753,417,-1,np,-0.85548378,0.00675133
737,178,1,pp,0.838338383,0.009323116
756,102,-1,np,-0.85548378,0.00675133
722,519,1,pp,0.909241209,0.001744075
711,359,1,pp,0.853912564,0.006965288
735,694,1,pp,0.891630982,0.002928681
753,694,-1,np,-0.85548378,0.00675133
722,275,-1,np,-0.848625129,0.007716947
723,113,-1,np,-0.880952381,0.00385032
711,425,-1,np,-0.902707567,0.002137647
729,577,-1,np,-0.898219696,0.002438797
735,116,1,pp,0.951876318,0.000268663
719,116,-1,np,-0.862290909,0.005872991
732,448,-1,np,-0.976190476,3.31E-05
741,552,-1,np,-0.927778183,0.000891495
728,682,1,pp,0.880952381,0.00385032
755,682,1,pp,0.857142857,0.006530017
741,190,1,pp,0.879581914,0.003980559
723,190,1,pp,0.857142857,0.006530017
721,72,-1,np,-0.853912564,0.006965288
737,72,-1,np,-0.874267171,0.004512386
750,245,-1,np,-0.928571429,0.000862968
746,245,-1,np,-0.834748647,0.009929687
733,245,-1,np,-0.898219696,0.002438797
717,645,1,pp,0.857142857,0.006530017
717,470,1,pp,0.880952381,0.00385032
749,362,-1,np,-0.952380952,0.0002604
744,362,-1,np,-0.928571429,0.000862968
728,192,1,pp,0.880952381,0.00385032
756,192,-1,np,-0.951876318,0.000268663
745,192,1,pp,0.904761905,0.002008276
728,401,-1,np,-0.857142857,0.006530017
724,655,-1,np,-0.880952381,0.00385032
